candidate_id,Constraint,template,rule,simulator_supported,arg0,arg1,Support,Coverage,Confidence
notcoexistence_Amend_Purchase_Requisition_Amend_Request_for_Quotation,"NotCoExistence(Amend Purchase Requisition, Amend Request for Quotation)",notcoexistence,,False,Amend Purchase Requisition,Amend Request for Quotation,0.061,0.063,0.972
notcoexistence_Amend_Purchase_Requisition_Analyze_Request_for_Quotation,"NotCoExistence(Amend Purchase Requisition, Analyze Request for Quotation)",notcoexistence,,False,Amend Purchase Requisition,Analyze Request for Quotation,0.119,0.123,0.973
notcoexistence_Amend_Purchase_Requisition_Create_Purchase_Requisition,"NotCoExistence(Amend Purchase Requisition, Create Purchase Requisition)",notcoexistence,,False,Amend Purchase Requisition,Create Purchase Requisition,0.065,0.068,0.964
notcoexistence_Amend_Purchase_Requisition_Create_Request_for_Quotation,"NotCoExistence(Amend Purchase Requisition, Create Request for Quotation)",notcoexistence,,False,Amend Purchase Requisition,Create Request for Quotation,0.059,0.061,0.964
notresponse_Amend_Request_for_Quotation_Amend_Purchase_Requisition,"NotResponse(Amend Request for Quotation, Amend Purchase Requisition)",notresponse,,False,Amend Request for Quotation,Amend Purchase Requisition,0.062,0.062,1.0
notresponse_Amend_Request_for_Quotation_Analyze_Purchase_Requisition,"NotResponse(Amend Request for Quotation, Analyze Purchase Requisition)",notresponse,,False,Amend Request for Quotation,Analyze Purchase Requisition,0.062,0.062,1.0
notchainresponse_Amend_Request_for_Quotation_Analyze_Quotation_Comparison_Map,"NotChainResponse(Amend Request for Quotation, Analyze Quotation Comparison Map)",notchainresponse,,False,Amend Request for Quotation,Analyze Quotation Comparison Map,0.062,0.062,1.0
response_Amend_Request_for_Quotation_Analyze_Request_for_Quotation,"Response(Amend Request for Quotation, Analyze Request for Quotation)",response,eventually,True,Amend Request for Quotation,Analyze Request for Quotation,0.062,0.062,1.0
notchainresponse_Amend_Request_for_Quotation_Approve_Purchase_Order_for_payment,"NotChainResponse(Amend Request for Quotation, Approve Purchase Order for payment)",notchainresponse,,False,Amend Request for Quotation,Approve Purchase Order for payment,0.062,0.062,1.0
notchainresponse_Amend_Request_for_Quotation_Authorize_Suppliers_Invoice_payment,"NotChainResponse(Amend Request for Quotation, Authorize Suppliers Invoice payment)'",notchainresponse,,False,Amend Request for Quotation,Authorize Suppliers Invoice payment,0.062,0.062,1.0
notchainresponse_Amend_Request_for_Quotation_Choose_best_option,"NotChainResponse(Amend Request for Quotation, Choose best option)",notchainresponse,,False,Amend Request for Quotation,Choose best option,0.062,0.062,1.0
notchainresponse_Amend_Request_for_Quotation_Confirm_Purchase_Order,"NotChainResponse(Amend Request for Quotation, Confirm Purchase Order)",notchainresponse,,False,Amend Request for Quotation,Confirm Purchase Order,0.062,0.062,1.0
notchainresponse_Amend_Request_for_Quotation_Create_Purchase_Order,"NotChainResponse(Amend Request for Quotation, Create Purchase Order)",notchainresponse,,False,Amend Request for Quotation,Create Purchase Order,0.062,0.062,1.0
notresponse_Amend_Request_for_Quotation_Create_Purchase_Requisition,"NotResponse(Amend Request for Quotation, Create Purchase Requisition)",notresponse,,False,Amend Request for Quotation,Create Purchase Requisition,0.062,0.062,1.0
notchainsuccession_Amend_Request_for_Quotation_Create_Purchase_Requisition,"NotChainSuccession(Amend Request for Quotation, Create Purchase Requisition)",notchainsuccession,NotChainSuccession,True,Amend Request for Quotation,Create Purchase Requisition,0.128,0.128,1.0
notchainresponse_Amend_Request_for_Quotation_Create_Quotation_comparison_Map,"NotChainResponse(Amend Request for Quotation, Create Quotation comparison Map)",notchainresponse,,False,Amend Request for Quotation,Create Quotation comparison Map,0.062,0.062,1.0
notresponse_Amend_Request_for_Quotation_Create_Request_for_Quotation,"NotResponse(Amend Request for Quotation, Create Request for Quotation)",notresponse,,False,Amend Request for Quotation,Create Request for Quotation,0.062,0.062,1.0
notchainsuccession_Amend_Request_for_Quotation_Create_Request_for_Quotation,"NotChainSuccession(Amend Request for Quotation, Create Request for Quotation)",notchainsuccession,NotChainSuccession,True,Amend Request for Quotation,Create Request for Quotation,0.121,0.121,1.0
notchainresponse_Amend_Request_for_Quotation_Deliver_Goods_Services,"NotChainResponse(Amend Request for Quotation, Deliver Goods Services)",notchainresponse,,False,Amend Request for Quotation,Deliver Goods Services,0.062,0.062,1.0
notchainresponse_Amend_Request_for_Quotation_Pay_Invoice,"NotChainResponse(Amend Request for Quotation, Pay Invoice)",notchainresponse,,False,Amend Request for Quotation,Pay Invoice,0.062,0.062,1.0
notchainresponse_Amend_Request_for_Quotation_Release_Purchase_Order,"NotChainResponse(Amend Request for Quotation, Release Purchase Order)",notchainresponse,,False,Amend Request for Quotation,Release Purchase Order,0.062,0.062,1.0
notchainresponse_Amend_Request_for_Quotation_Release_Suppliers_Invoice,"NotChainResponse(Amend Request for Quotation, Release Suppliers Invoice)'",notchainresponse,,False,Amend Request for Quotation,Release Suppliers Invoice,0.062,0.062,1.0
notchainresponse_Amend_Request_for_Quotation_Send_Invoice,"NotChainResponse(Amend Request for Quotation, Send Invoice)",notchainresponse,,False,Amend Request for Quotation,Send Invoice,0.062,0.062,1.0
notchainresponse_Amend_Request_for_Quotation_Send_Request_for_Quotation_to_Supplier,"NotChainResponse(Amend Request for Quotation, Send Request for Quotation to Supplier)",notchainresponse,,False,Amend Request for Quotation,Send Request for Quotation to Supplier,0.062,0.062,1.0
notchainresponse_Amend_Request_for_Quotation_Settle_Conditions_With_Supplier,"NotChainResponse(Amend Request for Quotation, Settle Conditions With Supplier)",notchainresponse,,False,Amend Request for Quotation,Settle Conditions With Supplier,0.062,0.062,1.0
notchainresponse_Amend_Request_for_Quotation_Settle_Dispute_With_Supplier,"NotChainResponse(Amend Request for Quotation, Settle Dispute With Supplier)",notchainresponse,,False,Amend Request for Quotation,Settle Dispute With Supplier,0.062,0.062,1.0
notchainprecedence_Analyze_Purchase_Requisition_Amend_Request_for_Quotation,"NotChainPrecedence(Analyze Purchase Requisition, Amend Request for Quotation)",notchainprecedence,,False,Analyze Purchase Requisition,Amend Request for Quotation,0.062,0.062,1.0
notprecedence_Analyze_Quotation_Comparison_Map_Amend_Request_for_Quotation,"NotPrecedence(Analyze Quotation Comparison Map, Amend Request for Quotation)",notprecedence,,False,Analyze Quotation Comparison Map,Amend Request for Quotation,0.062,0.062,1.0
precedence_Analyze_Request_for_Quotation_Amend_Request_for_Quotation,"Precedence(Analyze Request for Quotation, Amend Request for Quotation)",precedence,precedence,True,Analyze Request for Quotation,Amend Request for Quotation,0.062,0.062,1.0
notprecedence_Approve_Purchase_Order_for_payment_Amend_Request_for_Quotation,"NotPrecedence(Approve Purchase Order for payment, Amend Request for Quotation)",notprecedence,,False,Approve Purchase Order for payment,Amend Request for Quotation,0.062,0.062,1.0
notprecedence_Authorize_Suppliers_Invoice_payment_Amend_Request_for_Quotation,"NotPrecedence(Authorize Suppliers Invoice payment, Amend Request for Quotation)'",notprecedence,,False,Authorize Suppliers Invoice payment,Amend Request for Quotation,0.062,0.062,1.0
notprecedence_Choose_best_option_Amend_Request_for_Quotation,"NotPrecedence(Choose best option, Amend Request for Quotation)",notprecedence,,False,Choose best option,Amend Request for Quotation,0.062,0.062,1.0
notprecedence_Confirm_Purchase_Order_Amend_Request_for_Quotation,"NotPrecedence(Confirm Purchase Order, Amend Request for Quotation)",notprecedence,,False,Confirm Purchase Order,Amend Request for Quotation,0.062,0.062,1.0
notprecedence_Create_Purchase_Order_Amend_Request_for_Quotation,"NotPrecedence(Create Purchase Order, Amend Request for Quotation)",notprecedence,,False,Create Purchase Order,Amend Request for Quotation,0.062,0.062,1.0
precedence_Create_Purchase_Requisition_Amend_Request_for_Quotation,"Precedence(Create Purchase Requisition, Amend Request for Quotation)",precedence,precedence,True,Create Purchase Requisition,Amend Request for Quotation,0.062,0.062,1.0
notchainprecedence_Create_Purchase_Requisition_Amend_Request_for_Quotation,"NotChainPrecedence(Create Purchase Requisition, Amend Request for Quotation)",notchainprecedence,,False,Create Purchase Requisition,Amend Request for Quotation,0.062,0.062,1.0
notprecedence_Create_Quotation_comparison_Map_Amend_Request_for_Quotation,"NotPrecedence(Create Quotation comparison Map, Amend Request for Quotation)",notprecedence,,False,Create Quotation comparison Map,Amend Request for Quotation,0.062,0.062,1.0
precedence_Create_Request_for_Quotation_Amend_Request_for_Quotation,"Precedence(Create Request for Quotation, Amend Request for Quotation)",precedence,precedence,True,Create Request for Quotation,Amend Request for Quotation,0.062,0.062,1.0
notchainprecedence_Create_Request_for_Quotation_Amend_Request_for_Quotation,"NotChainPrecedence(Create Request for Quotation, Amend Request for Quotation)",notchainprecedence,,False,Create Request for Quotation,Amend Request for Quotation,0.062,0.062,1.0
notprecedence_Deliver_Goods_Services_Amend_Request_for_Quotation,"NotPrecedence(Deliver Goods Services, Amend Request for Quotation)",notprecedence,,False,Deliver Goods Services,Amend Request for Quotation,0.062,0.062,1.0
notprecedence_Pay_Invoice_Amend_Request_for_Quotation,"NotPrecedence(Pay Invoice, Amend Request for Quotation)",notprecedence,,False,Pay Invoice,Amend Request for Quotation,0.062,0.062,1.0
notprecedence_Release_Purchase_Order_Amend_Request_for_Quotation,"NotPrecedence(Release Purchase Order, Amend Request for Quotation)",notprecedence,,False,Release Purchase Order,Amend Request for Quotation,0.062,0.062,1.0
notprecedence_Release_Suppliers_Invoice_Amend_Request_for_Quotation,"NotPrecedence(Release Suppliers Invoice, Amend Request for Quotation)'",notprecedence,,False,Release Suppliers Invoice,Amend Request for Quotation,0.062,0.062,1.0
notprecedence_Send_Invoice_Amend_Request_for_Quotation,"NotPrecedence(Send Invoice, Amend Request for Quotation)",notprecedence,,False,Send Invoice,Amend Request for Quotation,0.062,0.062,1.0
notprecedence_Send_Request_for_Quotation_to_Supplier_Amend_Request_for_Quotation,"NotPrecedence(Send Request for Quotation to Supplier, Amend Request for Quotation)",notprecedence,,False,Send Request for Quotation to Supplier,Amend Request for Quotation,0.062,0.062,1.0
notprecedence_Settle_Conditions_With_Supplier_Amend_Request_for_Quotation,"NotPrecedence(Settle Conditions With Supplier, Amend Request for Quotation)",notprecedence,,False,Settle Conditions With Supplier,Amend Request for Quotation,0.062,0.062,1.0
notprecedence_Settle_Dispute_With_Supplier_Amend_Request_for_Quotation,"NotPrecedence(Settle Dispute With Supplier, Amend Request for Quotation)",notprecedence,,False,Settle Dispute With Supplier,Amend Request for Quotation,0.062,0.062,1.0
notchainsuccession_Analyze_Purchase_Requisition_Create_Purchase_Requisition,"NotChainSuccession(Analyze Purchase Requisition, Create Purchase Requisition)",notchainsuccession,NotChainSuccession,True,Analyze Purchase Requisition,Create Purchase Requisition,0.109,0.109,1.0
notchainsuccession_Analyze_Quotation_Comparison_Map_Analyze_Request_for_Quotation,"NotChainSuccession(Analyze Quotation Comparison Map, Analyze Request for Quotation)",notchainsuccession,NotChainSuccession,True,Analyze Quotation Comparison Map,Analyze Request for Quotation,0.167,0.167,1.0
coexistence_Analyze_Quotation_Comparison_Map_Approve_Purchase_Order_for_payment,"CoExistence(Analyze Quotation Comparison Map, Approve Purchase Order for payment)",coexistence,coexistence,True,Analyze Quotation Comparison Map,Approve Purchase Order for payment,0.091,0.091,1.0
notchainsuccession_Analyze_Quotation_Comparison_Map_Approve_Purchase_Order_for_payment,"NotChainSuccession(Analyze Quotation Comparison Map, Approve Purchase Order for payment)",notchainsuccession,NotChainSuccession,True,Analyze Quotation Comparison Map,Approve Purchase Order for payment,0.091,0.091,1.0
coexistence_Analyze_Quotation_Comparison_Map_Authorize_Suppliers_Invoice_payment,"CoExistence(Analyze Quotation Comparison Map, Authorize Suppliers Invoice payment)'",coexistence,coexistence,True,Analyze Quotation Comparison Map,Authorize Suppliers Invoice payment,0.091,0.091,1.0
notchainsuccession_Analyze_Quotation_Comparison_Map_Authorize_Suppliers_Invoice_payment,"NotChainSuccession(Analyze Quotation Comparison Map, Authorize Suppliers Invoice payment)'",notchainsuccession,NotChainSuccession,True,Analyze Quotation Comparison Map,Authorize Suppliers Invoice payment,0.091,0.091,1.0
coexistence_Analyze_Quotation_Comparison_Map_Choose_best_option,"CoExistence(Analyze Quotation Comparison Map, Choose best option)",coexistence,coexistence,True,Analyze Quotation Comparison Map,Choose best option,0.091,0.091,1.0
coexistence_Analyze_Quotation_Comparison_Map_Confirm_Purchase_Order,"CoExistence(Analyze Quotation Comparison Map, Confirm Purchase Order)",coexistence,coexistence,True,Analyze Quotation Comparison Map,Confirm Purchase Order,0.091,0.091,1.0
notchainsuccession_Analyze_Quotation_Comparison_Map_Confirm_Purchase_Order,"NotChainSuccession(Analyze Quotation Comparison Map, Confirm Purchase Order)",notchainsuccession,NotChainSuccession,True,Analyze Quotation Comparison Map,Confirm Purchase Order,0.091,0.091,1.0
coexistence_Analyze_Quotation_Comparison_Map_Create_Purchase_Order,"CoExistence(Analyze Quotation Comparison Map, Create Purchase Order)",coexistence,coexistence,True,Analyze Quotation Comparison Map,Create Purchase Order,0.091,0.091,1.0
notchainsuccession_Analyze_Quotation_Comparison_Map_Create_Purchase_Order,"NotChainSuccession(Analyze Quotation Comparison Map, Create Purchase Order)",notchainsuccession,NotChainSuccession,True,Analyze Quotation Comparison Map,Create Purchase Order,0.091,0.091,1.0
notchainsuccession_Analyze_Quotation_Comparison_Map_Create_Purchase_Requisition,"NotChainSuccession(Analyze Quotation Comparison Map, Create Purchase Requisition)",notchainsuccession,NotChainSuccession,True,Analyze Quotation Comparison Map,Create Purchase Requisition,0.112,0.112,1.0
coexistence_Analyze_Quotation_Comparison_Map_Create_Quotation_comparison_Map,"CoExistence(Analyze Quotation Comparison Map, Create Quotation comparison Map)",coexistence,coexistence,True,Analyze Quotation Comparison Map,Create Quotation comparison Map,0.091,0.091,1.0
notchainsuccession_Analyze_Quotation_Comparison_Map_Create_Quotation_comparison_Map,"NotChainSuccession(Analyze Quotation Comparison Map, Create Quotation comparison Map)",notchainsuccession,NotChainSuccession,True,Analyze Quotation Comparison Map,Create Quotation comparison Map,0.091,0.091,1.0
notchainsuccession_Analyze_Quotation_Comparison_Map_Create_Request_for_Quotation,"NotChainSuccession(Analyze Quotation Comparison Map, Create Request for Quotation)",notchainsuccession,NotChainSuccession,True,Analyze Quotation Comparison Map,Create Request for Quotation,0.105,0.105,1.0
coexistence_Analyze_Quotation_Comparison_Map_Deliver_Goods_Services,"CoExistence(Analyze Quotation Comparison Map, Deliver Goods Services)",coexistence,coexistence,True,Analyze Quotation Comparison Map,Deliver Goods Services,0.091,0.091,1.0
notchainsuccession_Analyze_Quotation_Comparison_Map_Deliver_Goods_Services,"NotChainSuccession(Analyze Quotation Comparison Map, Deliver Goods Services)",notchainsuccession,NotChainSuccession,True,Analyze Quotation Comparison Map,Deliver Goods Services,0.091,0.091,1.0
coexistence_Analyze_Quotation_Comparison_Map_Pay_Invoice,"CoExistence(Analyze Quotation Comparison Map, Pay Invoice)",coexistence,coexistence,True,Analyze Quotation Comparison Map,Pay Invoice,0.091,0.091,1.0
notchainsuccession_Analyze_Quotation_Comparison_Map_Pay_Invoice,"NotChainSuccession(Analyze Quotation Comparison Map, Pay Invoice)",notchainsuccession,NotChainSuccession,True,Analyze Quotation Comparison Map,Pay Invoice,0.091,0.091,1.0
coexistence_Analyze_Quotation_Comparison_Map_Release_Purchase_Order,"CoExistence(Analyze Quotation Comparison Map, Release Purchase Order)",coexistence,coexistence,True,Analyze Quotation Comparison Map,Release Purchase Order,0.093,0.093,1.0
notchainsuccession_Analyze_Quotation_Comparison_Map_Release_Purchase_Order,"NotChainSuccession(Analyze Quotation Comparison Map, Release Purchase Order)",notchainsuccession,NotChainSuccession,True,Analyze Quotation Comparison Map,Release Purchase Order,0.093,0.093,1.0
coexistence_Analyze_Quotation_Comparison_Map_Release_Suppliers_Invoice,"CoExistence(Analyze Quotation Comparison Map, Release Suppliers Invoice)'",coexistence,coexistence,True,Analyze Quotation Comparison Map,Release Suppliers Invoice,0.088,0.089,0.988
notchainsuccession_Analyze_Quotation_Comparison_Map_Release_Suppliers_Invoice,"NotChainSuccession(Analyze Quotation Comparison Map, Release Suppliers Invoice)'",notchainsuccession,NotChainSuccession,True,Analyze Quotation Comparison Map,Release Suppliers Invoice,0.089,0.089,1.0
coexistence_Analyze_Quotation_Comparison_Map_Send_Invoice,"CoExistence(Analyze Quotation Comparison Map, Send Invoice)",coexistence,coexistence,True,Analyze Quotation Comparison Map,Send Invoice,0.091,0.091,1.0
notchainsuccession_Analyze_Quotation_Comparison_Map_Send_Invoice,"NotChainSuccession(Analyze Quotation Comparison Map, Send Invoice)",notchainsuccession,NotChainSuccession,True,Analyze Quotation Comparison Map,Send Invoice,0.091,0.091,1.0
coexistence_Analyze_Quotation_Comparison_Map_Send_Request_for_Quotation_to_Supplier,"CoExistence(Analyze Quotation Comparison Map, Send Request for Quotation to Supplier)",coexistence,coexistence,True,Analyze Quotation Comparison Map,Send Request for Quotation to Supplier,0.091,0.091,1.0
notchainsuccession_Analyze_Quotation_Comparison_Map_Send_Request_for_Quotation_to_Supplier,"NotChainSuccession(Analyze Quotation Comparison Map, Send Request for Quotation to Supplier)",notchainsuccession,NotChainSuccession,True,Analyze Quotation Comparison Map,Send Request for Quotation to Supplier,0.091,0.091,1.0
coexistence_Analyze_Quotation_Comparison_Map_Settle_Conditions_With_Supplier,"CoExistence(Analyze Quotation Comparison Map, Settle Conditions With Supplier)",coexistence,coexistence,True,Analyze Quotation Comparison Map,Settle Conditions With Supplier,0.091,0.091,1.0
notchainsuccession_Analyze_Quotation_Comparison_Map_Settle_Conditions_With_Supplier,"NotChainSuccession(Analyze Quotation Comparison Map, Settle Conditions With Supplier)",notchainsuccession,NotChainSuccession,True,Analyze Quotation Comparison Map,Settle Conditions With Supplier,0.091,0.091,1.0
notchainprecedence_Analyze_Purchase_Requisition_Analyze_Request_for_Quotation,"NotChainPrecedence(Analyze Purchase Requisition, Analyze Request for Quotation)",notchainprecedence,,False,Analyze Purchase Requisition,Analyze Request for Quotation,0.121,0.121,1.0
notprecedence_Analyze_Quotation_Comparison_Map_Analyze_Request_for_Quotation,"NotPrecedence(Analyze Quotation Comparison Map, Analyze Request for Quotation)",notprecedence,,False,Analyze Quotation Comparison Map,Analyze Request for Quotation,0.121,0.121,1.0
notresponse_Analyze_Request_for_Quotation_Amend_Purchase_Requisition,"NotResponse(Analyze Request for Quotation, Amend Purchase Requisition)",notresponse,,False,Analyze Request for Quotation,Amend Purchase Requisition,0.121,0.121,1.0
notresponse_Analyze_Request_for_Quotation_Analyze_Purchase_Requisition,"NotResponse(Analyze Request for Quotation, Analyze Purchase Requisition)",notresponse,,False,Analyze Request for Quotation,Analyze Purchase Requisition,0.121,0.121,1.0
notchainresponse_Analyze_Request_for_Quotation_Analyze_Quotation_Comparison_Map,"NotChainResponse(Analyze Request for Quotation, Analyze Quotation Comparison Map)",notchainresponse,,False,Analyze Request for Quotation,Analyze Quotation Comparison Map,0.121,0.121,1.0
notchainresponse_Analyze_Request_for_Quotation_Approve_Purchase_Order_for_payment,"NotChainResponse(Analyze Request for Quotation, Approve Purchase Order for payment)",notchainresponse,,False,Analyze Request for Quotation,Approve Purchase Order for payment,0.121,0.121,1.0
notchainresponse_Analyze_Request_for_Quotation_Authorize_Suppliers_Invoice_payment,"NotChainResponse(Analyze Request for Quotation, Authorize Suppliers Invoice payment)'",notchainresponse,,False,Analyze Request for Quotation,Authorize Suppliers Invoice payment,0.121,0.121,1.0
notchainresponse_Analyze_Request_for_Quotation_Choose_best_option,"NotChainResponse(Analyze Request for Quotation, Choose best option)",notchainresponse,,False,Analyze Request for Quotation,Choose best option,0.121,0.121,1.0
notchainresponse_Analyze_Request_for_Quotation_Confirm_Purchase_Order,"NotChainResponse(Analyze Request for Quotation, Confirm Purchase Order)",notchainresponse,,False,Analyze Request for Quotation,Confirm Purchase Order,0.121,0.121,1.0
notchainresponse_Analyze_Request_for_Quotation_Create_Purchase_Order,"NotChainResponse(Analyze Request for Quotation, Create Purchase Order)",notchainresponse,,False,Analyze Request for Quotation,Create Purchase Order,0.121,0.121,1.0
notresponse_Analyze_Request_for_Quotation_Create_Purchase_Requisition,"NotResponse(Analyze Request for Quotation, Create Purchase Requisition)",notresponse,,False,Analyze Request for Quotation,Create Purchase Requisition,0.121,0.121,1.0
notchainsuccession_Analyze_Request_for_Quotation_Create_Purchase_Requisition,"NotChainSuccession(Analyze Request for Quotation, Create Purchase Requisition)",notchainsuccession,NotChainSuccession,True,Analyze Request for Quotation,Create Purchase Requisition,0.188,0.188,1.0
notchainresponse_Analyze_Request_for_Quotation_Create_Quotation_comparison_Map,"NotChainResponse(Analyze Request for Quotation, Create Quotation comparison Map)",notchainresponse,,False,Analyze Request for Quotation,Create Quotation comparison Map,0.121,0.121,1.0
coexistence_Analyze_Request_for_Quotation_Create_Request_for_Quotation,"CoExistence(Analyze Request for Quotation, Create Request for Quotation)",coexistence,coexistence,True,Analyze Request for Quotation,Create Request for Quotation,0.181,0.181,1.0
notresponse_Analyze_Request_for_Quotation_Create_Request_for_Quotation,"NotResponse(Analyze Request for Quotation, Create Request for Quotation)",notresponse,,False,Analyze Request for Quotation,Create Request for Quotation,0.121,0.121,1.0
notchainsuccession_Analyze_Request_for_Quotation_Create_Request_for_Quotation,"NotChainSuccession(Analyze Request for Quotation, Create Request for Quotation)",notchainsuccession,NotChainSuccession,True,Analyze Request for Quotation,Create Request for Quotation,0.181,0.181,1.0
notchainresponse_Analyze_Request_for_Quotation_Deliver_Goods_Services,"NotChainResponse(Analyze Request for Quotation, Deliver Goods Services)",notchainresponse,,False,Analyze Request for Quotation,Deliver Goods Services,0.121,0.121,1.0
notchainresponse_Analyze_Request_for_Quotation_Pay_Invoice,"NotChainResponse(Analyze Request for Quotation, Pay Invoice)",notchainresponse,,False,Analyze Request for Quotation,Pay Invoice,0.121,0.121,1.0
notchainresponse_Analyze_Request_for_Quotation_Release_Purchase_Order,"NotChainResponse(Analyze Request for Quotation, Release Purchase Order)",notchainresponse,,False,Analyze Request for Quotation,Release Purchase Order,0.121,0.121,1.0
notchainresponse_Analyze_Request_for_Quotation_Release_Suppliers_Invoice,"NotChainResponse(Analyze Request for Quotation, Release Suppliers Invoice)'",notchainresponse,,False,Analyze Request for Quotation,Release Suppliers Invoice,0.121,0.121,1.0
notchainresponse_Analyze_Request_for_Quotation_Send_Invoice,"NotChainResponse(Analyze Request for Quotation, Send Invoice)",notchainresponse,,False,Analyze Request for Quotation,Send Invoice,0.121,0.121,1.0
notchainresponse_Analyze_Request_for_Quotation_Settle_Conditions_With_Supplier,"NotChainResponse(Analyze Request for Quotation, Settle Conditions With Supplier)",notchainresponse,,False,Analyze Request for Quotation,Settle Conditions With Supplier,0.121,0.121,1.0
notchainresponse_Analyze_Request_for_Quotation_Settle_Dispute_With_Supplier,"NotChainResponse(Analyze Request for Quotation, Settle Dispute With Supplier)",notchainresponse,,False,Analyze Request for Quotation,Settle Dispute With Supplier,0.121,0.121,1.0
notprecedence_Approve_Purchase_Order_for_payment_Analyze_Request_for_Quotation,"NotPrecedence(Approve Purchase Order for payment, Analyze Request for Quotation)",notprecedence,,False,Approve Purchase Order for payment,Analyze Request for Quotation,0.121,0.121,1.0
notprecedence_Authorize_Suppliers_Invoice_payment_Analyze_Request_for_Quotation,"NotPrecedence(Authorize Suppliers Invoice payment, Analyze Request for Quotation)'",notprecedence,,False,Authorize Suppliers Invoice payment,Analyze Request for Quotation,0.121,0.121,1.0
notprecedence_Choose_best_option_Analyze_Request_for_Quotation,"NotPrecedence(Choose best option, Analyze Request for Quotation)",notprecedence,,False,Choose best option,Analyze Request for Quotation,0.121,0.121,1.0
notprecedence_Confirm_Purchase_Order_Analyze_Request_for_Quotation,"NotPrecedence(Confirm Purchase Order, Analyze Request for Quotation)",notprecedence,,False,Confirm Purchase Order,Analyze Request for Quotation,0.121,0.121,1.0
notprecedence_Create_Purchase_Order_Analyze_Request_for_Quotation,"NotPrecedence(Create Purchase Order, Analyze Request for Quotation)",notprecedence,,False,Create Purchase Order,Analyze Request for Quotation,0.121,0.121,1.0
precedence_Create_Purchase_Requisition_Analyze_Request_for_Quotation,"Precedence(Create Purchase Requisition, Analyze Request for Quotation)",precedence,precedence,True,Create Purchase Requisition,Analyze Request for Quotation,0.121,0.121,1.0
notchainprecedence_Create_Purchase_Requisition_Analyze_Request_for_Quotation,"NotChainPrecedence(Create Purchase Requisition, Analyze Request for Quotation)",notchainprecedence,,False,Create Purchase Requisition,Analyze Request for Quotation,0.121,0.121,1.0
notprecedence_Create_Quotation_comparison_Map_Analyze_Request_for_Quotation,"NotPrecedence(Create Quotation comparison Map, Analyze Request for Quotation)",notprecedence,,False,Create Quotation comparison Map,Analyze Request for Quotation,0.121,0.121,1.0
precedence_Create_Request_for_Quotation_Analyze_Request_for_Quotation,"Precedence(Create Request for Quotation, Analyze Request for Quotation)",precedence,precedence,True,Create Request for Quotation,Analyze Request for Quotation,0.121,0.121,1.0
notprecedence_Deliver_Goods_Services_Analyze_Request_for_Quotation,"NotPrecedence(Deliver Goods Services, Analyze Request for Quotation)",notprecedence,,False,Deliver Goods Services,Analyze Request for Quotation,0.121,0.121,1.0
notprecedence_Pay_Invoice_Analyze_Request_for_Quotation,"NotPrecedence(Pay Invoice, Analyze Request for Quotation)",notprecedence,,False,Pay Invoice,Analyze Request for Quotation,0.121,0.121,1.0
notprecedence_Release_Purchase_Order_Analyze_Request_for_Quotation,"NotPrecedence(Release Purchase Order, Analyze Request for Quotation)",notprecedence,,False,Release Purchase Order,Analyze Request for Quotation,0.121,0.121,1.0
notprecedence_Release_Suppliers_Invoice_Analyze_Request_for_Quotation,"NotPrecedence(Release Suppliers Invoice, Analyze Request for Quotation)'",notprecedence,,False,Release Suppliers Invoice,Analyze Request for Quotation,0.121,0.121,1.0
notprecedence_Send_Invoice_Analyze_Request_for_Quotation,"NotPrecedence(Send Invoice, Analyze Request for Quotation)",notprecedence,,False,Send Invoice,Analyze Request for Quotation,0.121,0.121,1.0
notprecedence_Send_Request_for_Quotation_to_Supplier_Analyze_Request_for_Quotation,"NotPrecedence(Send Request for Quotation to Supplier, Analyze Request for Quotation)",notprecedence,,False,Send Request for Quotation to Supplier,Analyze Request for Quotation,0.121,0.121,1.0
notprecedence_Settle_Conditions_With_Supplier_Analyze_Request_for_Quotation,"NotPrecedence(Settle Conditions With Supplier, Analyze Request for Quotation)",notprecedence,,False,Settle Conditions With Supplier,Analyze Request for Quotation,0.121,0.121,1.0
notprecedence_Settle_Dispute_With_Supplier_Analyze_Request_for_Quotation,"NotPrecedence(Settle Dispute With Supplier, Analyze Request for Quotation)",notprecedence,,False,Settle Dispute With Supplier,Analyze Request for Quotation,0.121,0.121,1.0
coexistence_Approve_Purchase_Order_for_payment_Analyze_Quotation_Comparison_Map,"CoExistence(Approve Purchase Order for payment, Analyze Quotation Comparison Map)",coexistence,coexistence,True,Approve Purchase Order for payment,Analyze Quotation Comparison Map,0.091,0.091,1.0
notchainsuccession_Approve_Purchase_Order_for_payment_Analyze_Quotation_Comparison_Map,"NotChainSuccession(Approve Purchase Order for payment, Analyze Quotation Comparison Map)",notchainsuccession,NotChainSuccession,True,Approve Purchase Order for payment,Analyze Quotation Comparison Map,0.091,0.091,1.0
notchainsuccession_Approve_Purchase_Order_for_payment_Analyze_Request_for_Quotation,"NotChainSuccession(Approve Purchase Order for payment, Analyze Request for Quotation)",notchainsuccession,NotChainSuccession,True,Approve Purchase Order for payment,Analyze Request for Quotation,0.167,0.167,1.0
coexistence_Approve_Purchase_Order_for_payment_Authorize_Suppliers_Invoice_payment,"CoExistence(Approve Purchase Order for payment, Authorize Suppliers Invoice payment)'",coexistence,coexistence,True,Approve Purchase Order for payment,Authorize Suppliers Invoice payment,0.091,0.091,1.0
notchainsuccession_Approve_Purchase_Order_for_payment_Authorize_Suppliers_Invoice_payment,"NotChainSuccession(Approve Purchase Order for payment, Authorize Suppliers Invoice payment)'",notchainsuccession,NotChainSuccession,True,Approve Purchase Order for payment,Authorize Suppliers Invoice payment,0.091,0.091,1.0
coexistence_Approve_Purchase_Order_for_payment_Choose_best_option,"CoExistence(Approve Purchase Order for payment, Choose best option)",coexistence,coexistence,True,Approve Purchase Order for payment,Choose best option,0.091,0.091,1.0
notchainsuccession_Approve_Purchase_Order_for_payment_Choose_best_option,"NotChainSuccession(Approve Purchase Order for payment, Choose best option)",notchainsuccession,NotChainSuccession,True,Approve Purchase Order for payment,Choose best option,0.091,0.091,1.0
coexistence_Approve_Purchase_Order_for_payment_Confirm_Purchase_Order,"CoExistence(Approve Purchase Order for payment, Confirm Purchase Order)",coexistence,coexistence,True,Approve Purchase Order for payment,Confirm Purchase Order,0.091,0.091,1.0
notchainsuccession_Approve_Purchase_Order_for_payment_Confirm_Purchase_Order,"NotChainSuccession(Approve Purchase Order for payment, Confirm Purchase Order)",notchainsuccession,NotChainSuccession,True,Approve Purchase Order for payment,Confirm Purchase Order,0.091,0.091,1.0
coexistence_Approve_Purchase_Order_for_payment_Create_Purchase_Order,"CoExistence(Approve Purchase Order for payment, Create Purchase Order)",coexistence,coexistence,True,Approve Purchase Order for payment,Create Purchase Order,0.091,0.091,1.0
notchainsuccession_Approve_Purchase_Order_for_payment_Create_Purchase_Order,"NotChainSuccession(Approve Purchase Order for payment, Create Purchase Order)",notchainsuccession,NotChainSuccession,True,Approve Purchase Order for payment,Create Purchase Order,0.091,0.091,1.0
notchainsuccession_Approve_Purchase_Order_for_payment_Create_Purchase_Requisition,"NotChainSuccession(Approve Purchase Order for payment, Create Purchase Requisition)",notchainsuccession,NotChainSuccession,True,Approve Purchase Order for payment,Create Purchase Requisition,0.112,0.112,1.0
coexistence_Approve_Purchase_Order_for_payment_Create_Quotation_comparison_Map,"CoExistence(Approve Purchase Order for payment, Create Quotation comparison Map)",coexistence,coexistence,True,Approve Purchase Order for payment,Create Quotation comparison Map,0.091,0.091,1.0
notchainsuccession_Approve_Purchase_Order_for_payment_Create_Quotation_comparison_Map,"NotChainSuccession(Approve Purchase Order for payment, Create Quotation comparison Map)",notchainsuccession,NotChainSuccession,True,Approve Purchase Order for payment,Create Quotation comparison Map,0.091,0.091,1.0
notchainsuccession_Approve_Purchase_Order_for_payment_Create_Request_for_Quotation,"NotChainSuccession(Approve Purchase Order for payment, Create Request for Quotation)",notchainsuccession,NotChainSuccession,True,Approve Purchase Order for payment,Create Request for Quotation,0.105,0.105,1.0
coexistence_Approve_Purchase_Order_for_payment_Deliver_Goods_Services,"CoExistence(Approve Purchase Order for payment, Deliver Goods Services)",coexistence,coexistence,True,Approve Purchase Order for payment,Deliver Goods Services,0.091,0.091,1.0
notchainsuccession_Approve_Purchase_Order_for_payment_Deliver_Goods_Services,"NotChainSuccession(Approve Purchase Order for payment, Deliver Goods Services)",notchainsuccession,NotChainSuccession,True,Approve Purchase Order for payment,Deliver Goods Services,0.091,0.091,1.0
coexistence_Approve_Purchase_Order_for_payment_Pay_Invoice,"CoExistence(Approve Purchase Order for payment, Pay Invoice)",coexistence,coexistence,True,Approve Purchase Order for payment,Pay Invoice,0.091,0.091,1.0
notchainsuccession_Approve_Purchase_Order_for_payment_Pay_Invoice,"NotChainSuccession(Approve Purchase Order for payment, Pay Invoice)",notchainsuccession,NotChainSuccession,True,Approve Purchase Order for payment,Pay Invoice,0.091,0.091,1.0
coexistence_Approve_Purchase_Order_for_payment_Release_Purchase_Order,"CoExistence(Approve Purchase Order for payment, Release Purchase Order)",coexistence,coexistence,True,Approve Purchase Order for payment,Release Purchase Order,0.093,0.093,1.0
notchainsuccession_Approve_Purchase_Order_for_payment_Release_Purchase_Order,"NotChainSuccession(Approve Purchase Order for payment, Release Purchase Order)",notchainsuccession,NotChainSuccession,True,Approve Purchase Order for payment,Release Purchase Order,0.093,0.093,1.0
coexistence_Approve_Purchase_Order_for_payment_Release_Suppliers_Invoice,"CoExistence(Approve Purchase Order for payment, Release Suppliers Invoice)'",coexistence,coexistence,True,Approve Purchase Order for payment,Release Suppliers Invoice,0.088,0.089,0.988
notchainsuccession_Approve_Purchase_Order_for_payment_Release_Suppliers_Invoice,"NotChainSuccession(Approve Purchase Order for payment, Release Suppliers Invoice)'",notchainsuccession,NotChainSuccession,True,Approve Purchase Order for payment,Release Suppliers Invoice,0.089,0.089,1.0
coexistence_Approve_Purchase_Order_for_payment_Send_Invoice,"CoExistence(Approve Purchase Order for payment, Send Invoice)",coexistence,coexistence,True,Approve Purchase Order for payment,Send Invoice,0.091,0.091,1.0
coexistence_Approve_Purchase_Order_for_payment_Send_Request_for_Quotation_to_Supplier,"CoExistence(Approve Purchase Order for payment, Send Request for Quotation to Supplier)",coexistence,coexistence,True,Approve Purchase Order for payment,Send Request for Quotation to Supplier,0.091,0.091,1.0
notchainsuccession_Approve_Purchase_Order_for_payment_Send_Request_for_Quotation_to_Supplier,"NotChainSuccession(Approve Purchase Order for payment, Send Request for Quotation to Supplier)",notchainsuccession,NotChainSuccession,True,Approve Purchase Order for payment,Send Request for Quotation to Supplier,0.091,0.091,1.0
coexistence_Approve_Purchase_Order_for_payment_Settle_Conditions_With_Supplier,"CoExistence(Approve Purchase Order for payment, Settle Conditions With Supplier)",coexistence,coexistence,True,Approve Purchase Order for payment,Settle Conditions With Supplier,0.091,0.091,1.0
notchainsuccession_Approve_Purchase_Order_for_payment_Settle_Conditions_With_Supplier,"NotChainSuccession(Approve Purchase Order for payment, Settle Conditions With Supplier)",notchainsuccession,NotChainSuccession,True,Approve Purchase Order for payment,Settle Conditions With Supplier,0.091,0.091,1.0
coexistence_Authorize_Suppliers_Invoice_payment_Analyze_Quotation_Comparison_Map,"CoExistence(Authorize Suppliers Invoice payment, Analyze Quotation Comparison Map)'",coexistence,coexistence,True,Authorize Suppliers Invoice payment,Analyze Quotation Comparison Map,0.091,0.091,1.0
notchainsuccession_Authorize_Suppliers_Invoice_payment_Analyze_Quotation_Comparison_Map,"NotChainSuccession(Authorize Suppliers Invoice payment, Analyze Quotation Comparison Map)'",notchainsuccession,NotChainSuccession,True,Authorize Suppliers Invoice payment,Analyze Quotation Comparison Map,0.091,0.091,1.0
notchainsuccession_Authorize_Suppliers_Invoice_payment_Analyze_Request_for_Quotation,"NotChainSuccession(Authorize Suppliers Invoice payment, Analyze Request for Quotation)'",notchainsuccession,NotChainSuccession,True,Authorize Suppliers Invoice payment,Analyze Request for Quotation,0.167,0.167,1.0
coexistence_Authorize_Suppliers_Invoice_payment_Approve_Purchase_Order_for_payment,"CoExistence(Authorize Suppliers Invoice payment, Approve Purchase Order for payment)'",coexistence,coexistence,True,Authorize Suppliers Invoice payment,Approve Purchase Order for payment,0.091,0.091,1.0
notchainsuccession_Authorize_Suppliers_Invoice_payment_Approve_Purchase_Order_for_payment,"NotChainSuccession(Authorize Suppliers Invoice payment, Approve Purchase Order for payment)'",notchainsuccession,NotChainSuccession,True,Authorize Suppliers Invoice payment,Approve Purchase Order for payment,0.091,0.091,1.0
coexistence_Authorize_Suppliers_Invoice_payment_Choose_best_option,"CoExistence(Authorize Suppliers Invoice payment, Choose best option)'",coexistence,coexistence,True,Authorize Suppliers Invoice payment,Choose best option,0.091,0.091,1.0
notchainsuccession_Authorize_Suppliers_Invoice_payment_Choose_best_option,"NotChainSuccession(Authorize Suppliers Invoice payment, Choose best option)'",notchainsuccession,NotChainSuccession,True,Authorize Suppliers Invoice payment,Choose best option,0.091,0.091,1.0
coexistence_Authorize_Suppliers_Invoice_payment_Confirm_Purchase_Order,"CoExistence(Authorize Suppliers Invoice payment, Confirm Purchase Order)'",coexistence,coexistence,True,Authorize Suppliers Invoice payment,Confirm Purchase Order,0.091,0.091,1.0
notchainsuccession_Authorize_Suppliers_Invoice_payment_Confirm_Purchase_Order,"NotChainSuccession(Authorize Suppliers Invoice payment, Confirm Purchase Order)'",notchainsuccession,NotChainSuccession,True,Authorize Suppliers Invoice payment,Confirm Purchase Order,0.091,0.091,1.0
coexistence_Authorize_Suppliers_Invoice_payment_Create_Purchase_Order,"CoExistence(Authorize Suppliers Invoice payment, Create Purchase Order)'",coexistence,coexistence,True,Authorize Suppliers Invoice payment,Create Purchase Order,0.091,0.091,1.0
notchainsuccession_Authorize_Suppliers_Invoice_payment_Create_Purchase_Order,"NotChainSuccession(Authorize Suppliers Invoice payment, Create Purchase Order)'",notchainsuccession,NotChainSuccession,True,Authorize Suppliers Invoice payment,Create Purchase Order,0.091,0.091,1.0
notchainsuccession_Authorize_Suppliers_Invoice_payment_Create_Purchase_Requisition,"NotChainSuccession(Authorize Suppliers Invoice payment, Create Purchase Requisition)'",notchainsuccession,NotChainSuccession,True,Authorize Suppliers Invoice payment,Create Purchase Requisition,0.112,0.112,1.0
coexistence_Authorize_Suppliers_Invoice_payment_Create_Quotation_comparison_Map,"CoExistence(Authorize Suppliers Invoice payment, Create Quotation comparison Map)'",coexistence,coexistence,True,Authorize Suppliers Invoice payment,Create Quotation comparison Map,0.091,0.091,1.0
notchainsuccession_Authorize_Suppliers_Invoice_payment_Create_Quotation_comparison_Map,"NotChainSuccession(Authorize Suppliers Invoice payment, Create Quotation comparison Map)'",notchainsuccession,NotChainSuccession,True,Authorize Suppliers Invoice payment,Create Quotation comparison Map,0.091,0.091,1.0
notchainsuccession_Authorize_Suppliers_Invoice_payment_Create_Request_for_Quotation,"NotChainSuccession(Authorize Suppliers Invoice payment, Create Request for Quotation)'",notchainsuccession,NotChainSuccession,True,Authorize Suppliers Invoice payment,Create Request for Quotation,0.105,0.105,1.0
coexistence_Authorize_Suppliers_Invoice_payment_Deliver_Goods_Services,"CoExistence(Authorize Suppliers Invoice payment, Deliver Goods Services)'",coexistence,coexistence,True,Authorize Suppliers Invoice payment,Deliver Goods Services,0.091,0.091,1.0
notchainsuccession_Authorize_Suppliers_Invoice_payment_Deliver_Goods_Services,"NotChainSuccession(Authorize Suppliers Invoice payment, Deliver Goods Services)'",notchainsuccession,NotChainSuccession,True,Authorize Suppliers Invoice payment,Deliver Goods Services,0.091,0.091,1.0
coexistence_Authorize_Suppliers_Invoice_payment_Pay_Invoice,"CoExistence(Authorize Suppliers Invoice payment, Pay Invoice)'",coexistence,coexistence,True,Authorize Suppliers Invoice payment,Pay Invoice,0.091,0.091,1.0
coexistence_Authorize_Suppliers_Invoice_payment_Release_Purchase_Order,"CoExistence(Authorize Suppliers Invoice payment, Release Purchase Order)'",coexistence,coexistence,True,Authorize Suppliers Invoice payment,Release Purchase Order,0.093,0.093,1.0
notchainsuccession_Authorize_Suppliers_Invoice_payment_Release_Purchase_Order,"NotChainSuccession(Authorize Suppliers Invoice payment, Release Purchase Order)'",notchainsuccession,NotChainSuccession,True,Authorize Suppliers Invoice payment,Release Purchase Order,0.093,0.093,1.0
coexistence_Authorize_Suppliers_Invoice_payment_Release_Supplier_s_Invoice,"CoExistence(Authorize Suppliers Invoice payment, Release Supplier's Invoice)'",coexistence,coexistence,True,Authorize Suppliers Invoice payment,Release Supplier's Invoice,0.088,0.089,0.988
notchainsuccession_Authorize_Suppliers_Invoice_payment_Release_Supplier_s_Invoice,"NotChainSuccession(Authorize Suppliers Invoice payment, Release Supplier's Invoice)'",notchainsuccession,NotChainSuccession,True,Authorize Suppliers Invoice payment,Release Supplier's Invoice,0.089,0.089,1.0
coexistence_Authorize_Suppliers_Invoice_payment_Send_Invoice,"CoExistence(Authorize Suppliers Invoice payment, Send Invoice)'",coexistence,coexistence,True,Authorize Suppliers Invoice payment,Send Invoice,0.091,0.091,1.0
notchainsuccession_Authorize_Suppliers_Invoice_payment_Send_Invoice,"NotChainSuccession(Authorize Suppliers Invoice payment, Send Invoice)'",notchainsuccession,NotChainSuccession,True,Authorize Suppliers Invoice payment,Send Invoice,0.091,0.091,1.0
coexistence_Authorize_Suppliers_Invoice_payment_Send_Request_for_Quotation_to_Supplier,"CoExistence(Authorize Suppliers Invoice payment, Send Request for Quotation to Supplier)'",coexistence,coexistence,True,Authorize Suppliers Invoice payment,Send Request for Quotation to Supplier,0.091,0.091,1.0
notchainsuccession_Authorize_Suppliers_Invoice_payment_Send_Request_for_Quotation_to_Supplier,"NotChainSuccession(Authorize Suppliers Invoice payment, Send Request for Quotation to Supplier)'",notchainsuccession,NotChainSuccession,True,Authorize Suppliers Invoice payment,Send Request for Quotation to Supplier,0.091,0.091,1.0
coexistence_Authorize_Suppliers_Invoice_payment_Settle_Conditions_With_Supplier,"CoExistence(Authorize Suppliers Invoice payment, Settle Conditions With Supplier)'",coexistence,coexistence,True,Authorize Suppliers Invoice payment,Settle Conditions With Supplier,0.091,0.091,1.0
notchainsuccession_Authorize_Suppliers_Invoice_payment_Settle_Conditions_With_Supplier,"NotChainSuccession(Authorize Suppliers Invoice payment, Settle Conditions With Supplier)'",notchainsuccession,NotChainSuccession,True,Authorize Suppliers Invoice payment,Settle Conditions With Supplier,0.091,0.091,1.0
coexistence_Choose_best_option_Analyze_Quotation_Comparison_Map,"CoExistence(Choose best option, Analyze Quotation Comparison Map)",coexistence,coexistence,True,Choose best option,Analyze Quotation Comparison Map,0.091,0.091,1.0
notchainsuccession_Choose_best_option_Analyze_Quotation_Comparison_Map,"NotChainSuccession(Choose best option, Analyze Quotation Comparison Map)",notchainsuccession,NotChainSuccession,True,Choose best option,Analyze Quotation Comparison Map,0.091,0.091,1.0
notchainsuccession_Choose_best_option_Analyze_Request_for_Quotation,"NotChainSuccession(Choose best option, Analyze Request for Quotation)",notchainsuccession,NotChainSuccession,True,Choose best option,Analyze Request for Quotation,0.167,0.167,1.0
coexistence_Choose_best_option_Approve_Purchase_Order_for_payment,"CoExistence(Choose best option, Approve Purchase Order for payment)",coexistence,coexistence,True,Choose best option,Approve Purchase Order for payment,0.091,0.091,1.0
notchainsuccession_Choose_best_option_Approve_Purchase_Order_for_payment,"NotChainSuccession(Choose best option, Approve Purchase Order for payment)",notchainsuccession,NotChainSuccession,True,Choose best option,Approve Purchase Order for payment,0.091,0.091,1.0
coexistence_Choose_best_option_Authorize_Suppliers_Invoice_payment,"CoExistence(Choose best option, Authorize Suppliers Invoice payment)'",coexistence,coexistence,True,Choose best option,Authorize Suppliers Invoice payment,0.091,0.091,1.0
notchainsuccession_Choose_best_option_Authorize_Suppliers_Invoice_payment,"NotChainSuccession(Choose best option, Authorize Suppliers Invoice payment)'",notchainsuccession,NotChainSuccession,True,Choose best option,Authorize Suppliers Invoice payment,0.091,0.091,1.0
coexistence_Choose_best_option_Confirm_Purchase_Order,"CoExistence(Choose best option, Confirm Purchase Order)",coexistence,coexistence,True,Choose best option,Confirm Purchase Order,0.091,0.091,1.0
notchainsuccession_Choose_best_option_Confirm_Purchase_Order,"NotChainSuccession(Choose best option, Confirm Purchase Order)",notchainsuccession,NotChainSuccession,True,Choose best option,Confirm Purchase Order,0.091,0.091,1.0
coexistence_Choose_best_option_Create_Purchase_Order,"CoExistence(Choose best option, Create Purchase Order)",coexistence,coexistence,True,Choose best option,Create Purchase Order,0.091,0.091,1.0
notchainsuccession_Choose_best_option_Create_Purchase_Order,"NotChainSuccession(Choose best option, Create Purchase Order)",notchainsuccession,NotChainSuccession,True,Choose best option,Create Purchase Order,0.091,0.091,1.0
notchainsuccession_Choose_best_option_Create_Purchase_Requisition,"NotChainSuccession(Choose best option, Create Purchase Requisition)",notchainsuccession,NotChainSuccession,True,Choose best option,Create Purchase Requisition,0.112,0.112,1.0
coexistence_Choose_best_option_Create_Quotation_comparison_Map,"CoExistence(Choose best option, Create Quotation comparison Map)",coexistence,coexistence,True,Choose best option,Create Quotation comparison Map,0.091,0.091,1.0
notchainsuccession_Choose_best_option_Create_Quotation_comparison_Map,"NotChainSuccession(Choose best option, Create Quotation comparison Map)",notchainsuccession,NotChainSuccession,True,Choose best option,Create Quotation comparison Map,0.091,0.091,1.0
notchainsuccession_Choose_best_option_Create_Request_for_Quotation,"NotChainSuccession(Choose best option, Create Request for Quotation)",notchainsuccession,NotChainSuccession,True,Choose best option,Create Request for Quotation,0.105,0.105,1.0
coexistence_Choose_best_option_Deliver_Goods_Services,"CoExistence(Choose best option, Deliver Goods Services)",coexistence,coexistence,True,Choose best option,Deliver Goods Services,0.091,0.091,1.0
notchainsuccession_Choose_best_option_Deliver_Goods_Services,"NotChainSuccession(Choose best option, Deliver Goods Services)",notchainsuccession,NotChainSuccession,True,Choose best option,Deliver Goods Services,0.091,0.091,1.0
coexistence_Choose_best_option_Pay_Invoice,"CoExistence(Choose best option, Pay Invoice)",coexistence,coexistence,True,Choose best option,Pay Invoice,0.091,0.091,1.0
notchainsuccession_Choose_best_option_Pay_Invoice,"NotChainSuccession(Choose best option, Pay Invoice)",notchainsuccession,NotChainSuccession,True,Choose best option,Pay Invoice,0.091,0.091,1.0
coexistence_Choose_best_option_Release_Purchase_Order,"CoExistence(Choose best option, Release Purchase Order)",coexistence,coexistence,True,Choose best option,Release Purchase Order,0.093,0.093,1.0
notchainsuccession_Choose_best_option_Release_Purchase_Order,"NotChainSuccession(Choose best option, Release Purchase Order)",notchainsuccession,NotChainSuccession,True,Choose best option,Release Purchase Order,0.093,0.093,1.0
coexistence_Choose_best_option_Release_Suppliers_Invoice,"CoExistence(Choose best option, Release Suppliers Invoice)'",coexistence,coexistence,True,Choose best option,Release Suppliers Invoice,0.088,0.089,0.988
notchainsuccession_Choose_best_option_Release_Suppliers_Invoice,"NotChainSuccession(Choose best option, Release Suppliers Invoice)'",notchainsuccession,NotChainSuccession,True,Choose best option,Release Suppliers Invoice,0.089,0.089,1.0
coexistence_Choose_best_option_Send_Invoice,"CoExistence(Choose best option, Send Invoice)",coexistence,coexistence,True,Choose best option,Send Invoice,0.091,0.091,1.0
notchainsuccession_Choose_best_option_Send_Invoice,"NotChainSuccession(Choose best option, Send Invoice)",notchainsuccession,NotChainSuccession,True,Choose best option,Send Invoice,0.091,0.091,1.0
coexistence_Choose_best_option_Send_Request_for_Quotation_to_Supplier,"CoExistence(Choose best option, Send Request for Quotation to Supplier)",coexistence,coexistence,True,Choose best option,Send Request for Quotation to Supplier,0.091,0.091,1.0
notchainsuccession_Choose_best_option_Send_Request_for_Quotation_to_Supplier,"NotChainSuccession(Choose best option, Send Request for Quotation to Supplier)",notchainsuccession,NotChainSuccession,True,Choose best option,Send Request for Quotation to Supplier,0.091,0.091,1.0
coexistence_Choose_best_option_Settle_Conditions_With_Supplier,"CoExistence(Choose best option, Settle Conditions With Supplier)",coexistence,coexistence,True,Choose best option,Settle Conditions With Supplier,0.091,0.091,1.0
coexistence_Confirm_Purchase_Order_Analyze_Quotation_Comparison_Map,"CoExistence(Confirm Purchase Order, Analyze Quotation Comparison Map)",coexistence,coexistence,True,Confirm Purchase Order,Analyze Quotation Comparison Map,0.091,0.091,1.0
notchainsuccession_Confirm_Purchase_Order_Analyze_Quotation_Comparison_Map,"NotChainSuccession(Confirm Purchase Order, Analyze Quotation Comparison Map)",notchainsuccession,NotChainSuccession,True,Confirm Purchase Order,Analyze Quotation Comparison Map,0.091,0.091,1.0
notchainsuccession_Confirm_Purchase_Order_Analyze_Request_for_Quotation,"NotChainSuccession(Confirm Purchase Order, Analyze Request for Quotation)",notchainsuccession,NotChainSuccession,True,Confirm Purchase Order,Analyze Request for Quotation,0.167,0.167,1.0
coexistence_Confirm_Purchase_Order_Approve_Purchase_Order_for_payment,"CoExistence(Confirm Purchase Order, Approve Purchase Order for payment)",coexistence,coexistence,True,Confirm Purchase Order,Approve Purchase Order for payment,0.091,0.091,1.0
notchainsuccession_Confirm_Purchase_Order_Approve_Purchase_Order_for_payment,"NotChainSuccession(Confirm Purchase Order, Approve Purchase Order for payment)",notchainsuccession,NotChainSuccession,True,Confirm Purchase Order,Approve Purchase Order for payment,0.091,0.091,1.0
coexistence_Confirm_Purchase_Order_Authorize_Suppliers_Invoice_payment,"CoExistence(Confirm Purchase Order, Authorize Suppliers Invoice payment)'",coexistence,coexistence,True,Confirm Purchase Order,Authorize Suppliers Invoice payment,0.091,0.091,1.0
notchainsuccession_Confirm_Purchase_Order_Authorize_Suppliers_Invoice_payment,"NotChainSuccession(Confirm Purchase Order, Authorize Suppliers Invoice payment)'",notchainsuccession,NotChainSuccession,True,Confirm Purchase Order,Authorize Suppliers Invoice payment,0.091,0.091,1.0
coexistence_Confirm_Purchase_Order_Choose_best_option,"CoExistence(Confirm Purchase Order, Choose best option)",coexistence,coexistence,True,Confirm Purchase Order,Choose best option,0.091,0.091,1.0
notchainsuccession_Confirm_Purchase_Order_Choose_best_option,"NotChainSuccession(Confirm Purchase Order, Choose best option)",notchainsuccession,NotChainSuccession,True,Confirm Purchase Order,Choose best option,0.091,0.091,1.0
coexistence_Confirm_Purchase_Order_Create_Purchase_Order,"CoExistence(Confirm Purchase Order, Create Purchase Order)",coexistence,coexistence,True,Confirm Purchase Order,Create Purchase Order,0.091,0.091,1.0
notchainsuccession_Confirm_Purchase_Order_Create_Purchase_Order,"NotChainSuccession(Confirm Purchase Order, Create Purchase Order)",notchainsuccession,NotChainSuccession,True,Confirm Purchase Order,Create Purchase Order,0.091,0.091,1.0
notchainsuccession_Confirm_Purchase_Order_Create_Purchase_Requisition,"NotChainSuccession(Confirm Purchase Order, Create Purchase Requisition)",notchainsuccession,NotChainSuccession,True,Confirm Purchase Order,Create Purchase Requisition,0.112,0.112,1.0
coexistence_Confirm_Purchase_Order_Create_Quotation_comparison_Map,"CoExistence(Confirm Purchase Order, Create Quotation comparison Map)",coexistence,coexistence,True,Confirm Purchase Order,Create Quotation comparison Map,0.091,0.091,1.0
notchainsuccession_Confirm_Purchase_Order_Create_Quotation_comparison_Map,"NotChainSuccession(Confirm Purchase Order, Create Quotation comparison Map)",notchainsuccession,NotChainSuccession,True,Confirm Purchase Order,Create Quotation comparison Map,0.091,0.091,1.0
notchainsuccession_Confirm_Purchase_Order_Create_Request_for_Quotation,"NotChainSuccession(Confirm Purchase Order, Create Request for Quotation)",notchainsuccession,NotChainSuccession,True,Confirm Purchase Order,Create Request for Quotation,0.105,0.105,1.0
coexistence_Confirm_Purchase_Order_Deliver_Goods_Services,"CoExistence(Confirm Purchase Order, Deliver Goods Services)",coexistence,coexistence,True,Confirm Purchase Order,Deliver Goods Services,0.091,0.091,1.0
coexistence_Confirm_Purchase_Order_Pay_Invoice,"CoExistence(Confirm Purchase Order, Pay Invoice)",coexistence,coexistence,True,Confirm Purchase Order,Pay Invoice,0.091,0.091,1.0
notchainsuccession_Confirm_Purchase_Order_Pay_Invoice,"NotChainSuccession(Confirm Purchase Order, Pay Invoice)",notchainsuccession,NotChainSuccession,True,Confirm Purchase Order,Pay Invoice,0.091,0.091,1.0
coexistence_Confirm_Purchase_Order_Release_Purchase_Order,"CoExistence(Confirm Purchase Order, Release Purchase Order)",coexistence,coexistence,True,Confirm Purchase Order,Release Purchase Order,0.093,0.093,1.0
notchainsuccession_Confirm_Purchase_Order_Release_Purchase_Order,"NotChainSuccession(Confirm Purchase Order, Release Purchase Order)",notchainsuccession,NotChainSuccession,True,Confirm Purchase Order,Release Purchase Order,0.093,0.093,1.0
coexistence_Confirm_Purchase_Order_Release_Suppliers_Invoice,"CoExistence(Confirm Purchase Order, Release Suppliers Invoice)'",coexistence,coexistence,True,Confirm Purchase Order,Release Suppliers Invoice,0.088,0.089,0.988
notchainsuccession_Confirm_Purchase_Order_Release_Suppliers_Invoice,"NotChainSuccession(Confirm Purchase Order, Release Suppliers Invoice)'",notchainsuccession,NotChainSuccession,True,Confirm Purchase Order,Release Suppliers Invoice,0.089,0.089,1.0
coexistence_Confirm_Purchase_Order_Send_Invoice,"CoExistence(Confirm Purchase Order, Send Invoice)",coexistence,coexistence,True,Confirm Purchase Order,Send Invoice,0.091,0.091,1.0
notchainsuccession_Confirm_Purchase_Order_Send_Invoice,"NotChainSuccession(Confirm Purchase Order, Send Invoice)",notchainsuccession,NotChainSuccession,True,Confirm Purchase Order,Send Invoice,0.091,0.091,1.0
coexistence_Confirm_Purchase_Order_Send_Request_for_Quotation_to_Supplier,"CoExistence(Confirm Purchase Order, Send Request for Quotation to Supplier)",coexistence,coexistence,True,Confirm Purchase Order,Send Request for Quotation to Supplier,0.091,0.091,1.0
notchainsuccession_Confirm_Purchase_Order_Send_Request_for_Quotation_to_Supplier,"NotChainSuccession(Confirm Purchase Order, Send Request for Quotation to Supplier)",notchainsuccession,NotChainSuccession,True,Confirm Purchase Order,Send Request for Quotation to Supplier,0.091,0.091,1.0
coexistence_Confirm_Purchase_Order_Settle_Conditions_With_Supplier,"CoExistence(Confirm Purchase Order, Settle Conditions With Supplier)",coexistence,coexistence,True,Confirm Purchase Order,Settle Conditions With Supplier,0.091,0.091,1.0
notchainsuccession_Confirm_Purchase_Order_Settle_Conditions_With_Supplier,"NotChainSuccession(Confirm Purchase Order, Settle Conditions With Supplier)",notchainsuccession,NotChainSuccession,True,Confirm Purchase Order,Settle Conditions With Supplier,0.091,0.091,1.0
coexistence_Create_Purchase_Order_Analyze_Quotation_Comparison_Map,"CoExistence(Create Purchase Order, Analyze Quotation Comparison Map)",coexistence,coexistence,True,Create Purchase Order,Analyze Quotation Comparison Map,0.091,0.091,1.0
notchainsuccession_Create_Purchase_Order_Analyze_Quotation_Comparison_Map,"NotChainSuccession(Create Purchase Order, Analyze Quotation Comparison Map)",notchainsuccession,NotChainSuccession,True,Create Purchase Order,Analyze Quotation Comparison Map,0.091,0.091,1.0
notchainsuccession_Create_Purchase_Order_Analyze_Request_for_Quotation,"NotChainSuccession(Create Purchase Order, Analyze Request for Quotation)",notchainsuccession,NotChainSuccession,True,Create Purchase Order,Analyze Request for Quotation,0.167,0.167,1.0
coexistence_Create_Purchase_Order_Approve_Purchase_Order_for_payment,"CoExistence(Create Purchase Order, Approve Purchase Order for payment)",coexistence,coexistence,True,Create Purchase Order,Approve Purchase Order for payment,0.091,0.091,1.0
notchainsuccession_Create_Purchase_Order_Approve_Purchase_Order_for_payment,"NotChainSuccession(Create Purchase Order, Approve Purchase Order for payment)",notchainsuccession,NotChainSuccession,True,Create Purchase Order,Approve Purchase Order for payment,0.091,0.091,1.0
coexistence_Create_Purchase_Order_Authorize_Suppliers_Invoice_payment,"CoExistence(Create Purchase Order, Authorize Suppliers Invoice payment)'",coexistence,coexistence,True,Create Purchase Order,Authorize Suppliers Invoice payment,0.091,0.091,1.0
notchainsuccession_Create_Purchase_Order_Authorize_Suppliers_Invoice_payment,"NotChainSuccession(Create Purchase Order, Authorize Suppliers Invoice payment)'",notchainsuccession,NotChainSuccession,True,Create Purchase Order,Authorize Suppliers Invoice payment,0.091,0.091,1.0
coexistence_Create_Purchase_Order_Choose_best_option,"CoExistence(Create Purchase Order, Choose best option)",coexistence,coexistence,True,Create Purchase Order,Choose best option,0.091,0.091,1.0
notchainsuccession_Create_Purchase_Order_Choose_best_option,"NotChainSuccession(Create Purchase Order, Choose best option)",notchainsuccession,NotChainSuccession,True,Create Purchase Order,Choose best option,0.091,0.091,1.0
coexistence_Create_Purchase_Order_Confirm_Purchase_Order,"CoExistence(Create Purchase Order, Confirm Purchase Order)",coexistence,coexistence,True,Create Purchase Order,Confirm Purchase Order,0.091,0.091,1.0
notchainsuccession_Create_Purchase_Order_Create_Purchase_Requisition,"NotChainSuccession(Create Purchase Order, Create Purchase Requisition)",notchainsuccession,NotChainSuccession,True,Create Purchase Order,Create Purchase Requisition,0.112,0.112,1.0
coexistence_Create_Purchase_Order_Create_Quotation_comparison_Map,"CoExistence(Create Purchase Order, Create Quotation comparison Map)",coexistence,coexistence,True,Create Purchase Order,Create Quotation comparison Map,0.091,0.091,1.0
notchainsuccession_Create_Purchase_Order_Create_Quotation_comparison_Map,"NotChainSuccession(Create Purchase Order, Create Quotation comparison Map)",notchainsuccession,NotChainSuccession,True,Create Purchase Order,Create Quotation comparison Map,0.091,0.091,1.0
notchainsuccession_Create_Purchase_Order_Create_Request_for_Quotation,"NotChainSuccession(Create Purchase Order, Create Request for Quotation)",notchainsuccession,NotChainSuccession,True,Create Purchase Order,Create Request for Quotation,0.105,0.105,1.0
coexistence_Create_Purchase_Order_Deliver_Goods_Services,"CoExistence(Create Purchase Order, Deliver Goods Services)",coexistence,coexistence,True,Create Purchase Order,Deliver Goods Services,0.091,0.091,1.0
notchainsuccession_Create_Purchase_Order_Deliver_Goods_Services,"NotChainSuccession(Create Purchase Order, Deliver Goods Services)",notchainsuccession,NotChainSuccession,True,Create Purchase Order,Deliver Goods Services,0.091,0.091,1.0
coexistence_Create_Purchase_Order_Pay_Invoice,"CoExistence(Create Purchase Order, Pay Invoice)",coexistence,coexistence,True,Create Purchase Order,Pay Invoice,0.091,0.091,1.0
notchainsuccession_Create_Purchase_Order_Pay_Invoice,"NotChainSuccession(Create Purchase Order, Pay Invoice)",notchainsuccession,NotChainSuccession,True,Create Purchase Order,Pay Invoice,0.091,0.091,1.0
coexistence_Create_Purchase_Order_Release_Purchase_Order,"CoExistence(Create Purchase Order, Release Purchase Order)",coexistence,coexistence,True,Create Purchase Order,Release Purchase Order,0.093,0.093,1.0
notchainsuccession_Create_Purchase_Order_Release_Purchase_Order,"NotChainSuccession(Create Purchase Order, Release Purchase Order)",notchainsuccession,NotChainSuccession,True,Create Purchase Order,Release Purchase Order,0.093,0.093,1.0
coexistence_Create_Purchase_Order_Release_Suppliers_Invoice,"CoExistence(Create Purchase Order, Release Suppliers Invoice)'",coexistence,coexistence,True,Create Purchase Order,Release Suppliers Invoice,0.088,0.089,0.988
notchainsuccession_Create_Purchase_Order_Release_Suppliers_Invoice,"NotChainSuccession(Create Purchase Order, Release Suppliers Invoice)'",notchainsuccession,NotChainSuccession,True,Create Purchase Order,Release Suppliers Invoice,0.089,0.089,1.0
coexistence_Create_Purchase_Order_Send_Invoice,"CoExistence(Create Purchase Order, Send Invoice)",coexistence,coexistence,True,Create Purchase Order,Send Invoice,0.091,0.091,1.0
notchainsuccession_Create_Purchase_Order_Send_Invoice,"NotChainSuccession(Create Purchase Order, Send Invoice)",notchainsuccession,NotChainSuccession,True,Create Purchase Order,Send Invoice,0.091,0.091,1.0
coexistence_Create_Purchase_Order_Send_Request_for_Quotation_to_Supplier,"CoExistence(Create Purchase Order, Send Request for Quotation to Supplier)",coexistence,coexistence,True,Create Purchase Order,Send Request for Quotation to Supplier,0.091,0.091,1.0
notchainsuccession_Create_Purchase_Order_Send_Request_for_Quotation_to_Supplier,"NotChainSuccession(Create Purchase Order, Send Request for Quotation to Supplier)",notchainsuccession,NotChainSuccession,True,Create Purchase Order,Send Request for Quotation to Supplier,0.091,0.091,1.0
coexistence_Create_Purchase_Order_Settle_Conditions_With_Supplier,"CoExistence(Create Purchase Order, Settle Conditions With Supplier)",coexistence,coexistence,True,Create Purchase Order,Settle Conditions With Supplier,0.091,0.091,1.0
notchainsuccession_Create_Purchase_Order_Settle_Conditions_With_Supplier,"NotChainSuccession(Create Purchase Order, Settle Conditions With Supplier)",notchainsuccession,NotChainSuccession,True,Create Purchase Order,Settle Conditions With Supplier,0.091,0.091,1.0
init_Create_Purchase_Requisition,Init(Create Purchase Requisition),init,,False,Create Purchase Requisition,,1.0,1.0,1.0
notprecedence_Amend_Request_for_Quotation_Create_Purchase_Requisition,"NotPrecedence(Amend Request for Quotation, Create Purchase Requisition)",notprecedence,,False,Amend Request for Quotation,Create Purchase Requisition,0.067,0.067,1.0
notprecedence_Analyze_Purchase_Requisition_Create_Purchase_Requisition,"NotPrecedence(Analyze Purchase Requisition, Create Purchase Requisition)",notprecedence,,False,Analyze Purchase Requisition,Create Purchase Requisition,0.067,0.067,1.0
notprecedence_Analyze_Quotation_Comparison_Map_Create_Purchase_Requisition,"NotPrecedence(Analyze Quotation Comparison Map, Create Purchase Requisition)",notprecedence,,False,Analyze Quotation Comparison Map,Create Purchase Requisition,0.067,0.067,1.0
notprecedence_Analyze_Request_for_Quotation_Create_Purchase_Requisition,"NotPrecedence(Analyze Request for Quotation, Create Purchase Requisition)",notprecedence,,False,Analyze Request for Quotation,Create Purchase Requisition,0.067,0.067,1.0
notprecedence_Approve_Purchase_Order_for_payment_Create_Purchase_Requisition,"NotPrecedence(Approve Purchase Order for payment, Create Purchase Requisition)",notprecedence,,False,Approve Purchase Order for payment,Create Purchase Requisition,0.067,0.067,1.0
notprecedence_Authorize_Suppliers_Invoice_payment_Create_Purchase_Requisition,"NotPrecedence(Authorize Suppliers Invoice payment, Create Purchase Requisition)'",notprecedence,,False,Authorize Suppliers Invoice payment,Create Purchase Requisition,0.067,0.067,1.0
notprecedence_Choose_best_option_Create_Purchase_Requisition,"NotPrecedence(Choose best option, Create Purchase Requisition)",notprecedence,,False,Choose best option,Create Purchase Requisition,0.067,0.067,1.0
notprecedence_Confirm_Purchase_Order_Create_Purchase_Requisition,"NotPrecedence(Confirm Purchase Order, Create Purchase Requisition)",notprecedence,,False,Confirm Purchase Order,Create Purchase Requisition,0.067,0.067,1.0
notprecedence_Create_Purchase_Order_Create_Purchase_Requisition,"NotPrecedence(Create Purchase Order, Create Purchase Requisition)",notprecedence,,False,Create Purchase Order,Create Purchase Requisition,0.067,0.067,1.0
notresponse_Create_Purchase_Requisition_Amend_Purchase_Requisition,"NotResponse(Create Purchase Requisition, Amend Purchase Requisition)",notresponse,,False,Create Purchase Requisition,Amend Purchase Requisition,0.065,0.067,0.982
notchainresponse_Create_Purchase_Requisition_Amend_Request_for_Quotation,"NotChainResponse(Create Purchase Requisition, Amend Request for Quotation)",notchainresponse,,False,Create Purchase Requisition,Amend Request for Quotation,0.067,0.067,1.0
notchainresponse_Create_Purchase_Requisition_Analyze_Quotation_Comparison_Map,"NotChainResponse(Create Purchase Requisition, Analyze Quotation Comparison Map)",notchainresponse,,False,Create Purchase Requisition,Analyze Quotation Comparison Map,0.067,0.067,1.0
notchainresponse_Create_Purchase_Requisition_Analyze_Request_for_Quotation,"NotChainResponse(Create Purchase Requisition, Analyze Request for Quotation)",notchainresponse,,False,Create Purchase Requisition,Analyze Request for Quotation,0.067,0.067,1.0
notchainresponse_Create_Purchase_Requisition_Approve_Purchase_Order_for_payment,"NotChainResponse(Create Purchase Requisition, Approve Purchase Order for payment)",notchainresponse,,False,Create Purchase Requisition,Approve Purchase Order for payment,0.067,0.067,1.0
notchainresponse_Create_Purchase_Requisition_Authorize_Suppliers_Invoice_payment,"NotChainResponse(Create Purchase Requisition, Authorize Suppliers Invoice payment)'",notchainresponse,,False,Create Purchase Requisition,Authorize Suppliers Invoice payment,0.067,0.067,1.0
notchainresponse_Create_Purchase_Requisition_Choose_best_option,"NotChainResponse(Create Purchase Requisition, Choose best option)",notchainresponse,,False,Create Purchase Requisition,Choose best option,0.067,0.067,1.0
notchainresponse_Create_Purchase_Requisition_Confirm_Purchase_Order,"NotChainResponse(Create Purchase Requisition, Confirm Purchase Order)",notchainresponse,,False,Create Purchase Requisition,Confirm Purchase Order,0.067,0.067,1.0
notchainresponse_Create_Purchase_Requisition_Create_Purchase_Order,"NotChainResponse(Create Purchase Requisition, Create Purchase Order)",notchainresponse,,False,Create Purchase Requisition,Create Purchase Order,0.067,0.067,1.0
notchainresponse_Create_Purchase_Requisition_Create_Quotation_comparison_Map,"NotChainResponse(Create Purchase Requisition, Create Quotation comparison Map)",notchainresponse,,False,Create Purchase Requisition,Create Quotation comparison Map,0.067,0.067,1.0
notchainresponse_Create_Purchase_Requisition_Deliver_Goods_Services,"NotChainResponse(Create Purchase Requisition, Deliver Goods Services)",notchainresponse,,False,Create Purchase Requisition,Deliver Goods Services,0.067,0.067,1.0
notchainresponse_Create_Purchase_Requisition_Pay_Invoice,"NotChainResponse(Create Purchase Requisition, Pay Invoice)",notchainresponse,,False,Create Purchase Requisition,Pay Invoice,0.067,0.067,1.0
notchainresponse_Create_Purchase_Requisition_Release_Purchase_Order,"NotChainResponse(Create Purchase Requisition, Release Purchase Order)",notchainresponse,,False,Create Purchase Requisition,Release Purchase Order,0.067,0.067,1.0
notchainresponse_Create_Purchase_Requisition_Release_Suppliers_Invoice,"NotChainResponse(Create Purchase Requisition, Release Suppliers Invoice)'",notchainresponse,,False,Create Purchase Requisition,Release Suppliers Invoice,0.067,0.067,1.0
notchainresponse_Create_Purchase_Requisition_Send_Invoice,"NotChainResponse(Create Purchase Requisition, Send Invoice)",notchainresponse,,False,Create Purchase Requisition,Send Invoice,0.067,0.067,1.0
notchainresponse_Create_Purchase_Requisition_Send_Request_for_Quotation_to_Supplier,"NotChainResponse(Create Purchase Requisition, Send Request for Quotation to Supplier)",notchainresponse,,False,Create Purchase Requisition,Send Request for Quotation to Supplier,0.067,0.067,1.0
notchainresponse_Create_Purchase_Requisition_Settle_Conditions_With_Supplier,"NotChainResponse(Create Purchase Requisition, Settle Conditions With Supplier)",notchainresponse,,False,Create Purchase Requisition,Settle Conditions With Supplier,0.067,0.067,1.0
notchainresponse_Create_Purchase_Requisition_Settle_Dispute_With_Supplier,"NotChainResponse(Create Purchase Requisition, Settle Dispute With Supplier)",notchainresponse,,False,Create Purchase Requisition,Settle Dispute With Supplier,0.067,0.067,1.0
notprecedence_Create_Quotation_comparison_Map_Create_Purchase_Requisition,"NotPrecedence(Create Quotation comparison Map, Create Purchase Requisition)",notprecedence,,False,Create Quotation comparison Map,Create Purchase Requisition,0.067,0.067,1.0
notprecedence_Create_Request_for_Quotation_Create_Purchase_Requisition,"NotPrecedence(Create Request for Quotation, Create Purchase Requisition)",notprecedence,,False,Create Request for Quotation,Create Purchase Requisition,0.067,0.067,1.0
notprecedence_Deliver_Goods_Services_Create_Purchase_Requisition,"NotPrecedence(Deliver Goods Services, Create Purchase Requisition)",notprecedence,,False,Deliver Goods Services,Create Purchase Requisition,0.067,0.067,1.0
notprecedence_Pay_Invoice_Create_Purchase_Requisition,"NotPrecedence(Pay Invoice, Create Purchase Requisition)",notprecedence,,False,Pay Invoice,Create Purchase Requisition,0.067,0.067,1.0
notprecedence_Release_Purchase_Order_Create_Purchase_Requisition,"NotPrecedence(Release Purchase Order, Create Purchase Requisition)",notprecedence,,False,Release Purchase Order,Create Purchase Requisition,0.067,0.067,1.0
notprecedence_Release_Suppliers_Invoice_Create_Purchase_Requisition,"NotPrecedence(Release Suppliers Invoice, Create Purchase Requisition)'",notprecedence,,False,Release Suppliers Invoice,Create Purchase Requisition,0.067,0.067,1.0
notprecedence_Send_Invoice_Create_Purchase_Requisition,"NotPrecedence(Send Invoice, Create Purchase Requisition)",notprecedence,,False,Send Invoice,Create Purchase Requisition,0.067,0.067,1.0
notprecedence_Send_Request_for_Quotation_to_Supplier_Create_Purchase_Requisition,"NotPrecedence(Send Request for Quotation to Supplier, Create Purchase Requisition)",notprecedence,,False,Send Request for Quotation to Supplier,Create Purchase Requisition,0.067,0.067,1.0
notprecedence_Settle_Conditions_With_Supplier_Create_Purchase_Requisition,"NotPrecedence(Settle Conditions With Supplier, Create Purchase Requisition)",notprecedence,,False,Settle Conditions With Supplier,Create Purchase Requisition,0.067,0.067,1.0
notprecedence_Settle_Dispute_With_Supplier_Create_Purchase_Requisition,"NotPrecedence(Settle Dispute With Supplier, Create Purchase Requisition)",notprecedence,,False,Settle Dispute With Supplier,Create Purchase Requisition,0.067,0.067,1.0
coexistence_Create_Quotation_comparison_Map_Analyze_Quotation_Comparison_Map,"CoExistence(Create Quotation comparison Map, Analyze Quotation Comparison Map)",coexistence,coexistence,True,Create Quotation comparison Map,Analyze Quotation Comparison Map,0.091,0.091,1.0
notchainsuccession_Create_Quotation_comparison_Map_Analyze_Request_for_Quotation,"NotChainSuccession(Create Quotation comparison Map, Analyze Request for Quotation)",notchainsuccession,NotChainSuccession,True,Create Quotation comparison Map,Analyze Request for Quotation,0.167,0.167,1.0
coexistence_Create_Quotation_comparison_Map_Approve_Purchase_Order_for_payment,"CoExistence(Create Quotation comparison Map, Approve Purchase Order for payment)",coexistence,coexistence,True,Create Quotation comparison Map,Approve Purchase Order for payment,0.091,0.091,1.0
notchainsuccession_Create_Quotation_comparison_Map_Approve_Purchase_Order_for_payment,"NotChainSuccession(Create Quotation comparison Map, Approve Purchase Order for payment)",notchainsuccession,NotChainSuccession,True,Create Quotation comparison Map,Approve Purchase Order for payment,0.091,0.091,1.0
coexistence_Create_Quotation_comparison_Map_Authorize_Suppliers_Invoice_payment,"CoExistence(Create Quotation comparison Map, Authorize Suppliers Invoice payment)'",coexistence,coexistence,True,Create Quotation comparison Map,Authorize Suppliers Invoice payment,0.091,0.091,1.0
notchainsuccession_Create_Quotation_comparison_Map_Authorize_Suppliers_Invoice_payment,"NotChainSuccession(Create Quotation comparison Map, Authorize Suppliers Invoice payment)'",notchainsuccession,NotChainSuccession,True,Create Quotation comparison Map,Authorize Suppliers Invoice payment,0.091,0.091,1.0
coexistence_Create_Quotation_comparison_Map_Choose_best_option,"CoExistence(Create Quotation comparison Map, Choose best option)",coexistence,coexistence,True,Create Quotation comparison Map,Choose best option,0.091,0.091,1.0
notchainsuccession_Create_Quotation_comparison_Map_Choose_best_option,"NotChainSuccession(Create Quotation comparison Map, Choose best option)",notchainsuccession,NotChainSuccession,True,Create Quotation comparison Map,Choose best option,0.091,0.091,1.0
coexistence_Create_Quotation_comparison_Map_Confirm_Purchase_Order,"CoExistence(Create Quotation comparison Map, Confirm Purchase Order)",coexistence,coexistence,True,Create Quotation comparison Map,Confirm Purchase Order,0.091,0.091,1.0
notchainsuccession_Create_Quotation_comparison_Map_Confirm_Purchase_Order,"NotChainSuccession(Create Quotation comparison Map, Confirm Purchase Order)",notchainsuccession,NotChainSuccession,True,Create Quotation comparison Map,Confirm Purchase Order,0.091,0.091,1.0
coexistence_Create_Quotation_comparison_Map_Create_Purchase_Order,"CoExistence(Create Quotation comparison Map, Create Purchase Order)",coexistence,coexistence,True,Create Quotation comparison Map,Create Purchase Order,0.091,0.091,1.0
notchainsuccession_Create_Quotation_comparison_Map_Create_Purchase_Order,"NotChainSuccession(Create Quotation comparison Map, Create Purchase Order)",notchainsuccession,NotChainSuccession,True,Create Quotation comparison Map,Create Purchase Order,0.091,0.091,1.0
notchainsuccession_Create_Quotation_comparison_Map_Create_Purchase_Requisition,"NotChainSuccession(Create Quotation comparison Map, Create Purchase Requisition)",notchainsuccession,NotChainSuccession,True,Create Quotation comparison Map,Create Purchase Requisition,0.112,0.112,1.0
notchainsuccession_Create_Quotation_comparison_Map_Create_Request_for_Quotation,"NotChainSuccession(Create Quotation comparison Map, Create Request for Quotation)",notchainsuccession,NotChainSuccession,True,Create Quotation comparison Map,Create Request for Quotation,0.105,0.105,1.0
coexistence_Create_Quotation_comparison_Map_Deliver_Goods_Services,"CoExistence(Create Quotation comparison Map, Deliver Goods Services)",coexistence,coexistence,True,Create Quotation comparison Map,Deliver Goods Services,0.091,0.091,1.0
notchainsuccession_Create_Quotation_comparison_Map_Deliver_Goods_Services,"NotChainSuccession(Create Quotation comparison Map, Deliver Goods Services)",notchainsuccession,NotChainSuccession,True,Create Quotation comparison Map,Deliver Goods Services,0.091,0.091,1.0
coexistence_Create_Quotation_comparison_Map_Pay_Invoice,"CoExistence(Create Quotation comparison Map, Pay Invoice)",coexistence,coexistence,True,Create Quotation comparison Map,Pay Invoice,0.091,0.091,1.0
notchainsuccession_Create_Quotation_comparison_Map_Pay_Invoice,"NotChainSuccession(Create Quotation comparison Map, Pay Invoice)",notchainsuccession,NotChainSuccession,True,Create Quotation comparison Map,Pay Invoice,0.091,0.091,1.0
coexistence_Create_Quotation_comparison_Map_Release_Purchase_Order,"CoExistence(Create Quotation comparison Map, Release Purchase Order)",coexistence,coexistence,True,Create Quotation comparison Map,Release Purchase Order,0.093,0.093,1.0
notchainsuccession_Create_Quotation_comparison_Map_Release_Purchase_Order,"NotChainSuccession(Create Quotation comparison Map, Release Purchase Order)",notchainsuccession,NotChainSuccession,True,Create Quotation comparison Map,Release Purchase Order,0.093,0.093,1.0
coexistence_Create_Quotation_comparison_Map_Release_Suppliers_Invoice,"CoExistence(Create Quotation comparison Map, Release Suppliers Invoice)'",coexistence,coexistence,True,Create Quotation comparison Map,Release Suppliers Invoice,0.088,0.089,0.988
notchainsuccession_Create_Quotation_comparison_Map_Release_Suppliers_Invoice,"NotChainSuccession(Create Quotation comparison Map, Release Suppliers Invoice)'",notchainsuccession,NotChainSuccession,True,Create Quotation comparison Map,Release Suppliers Invoice,0.089,0.089,1.0
coexistence_Create_Quotation_comparison_Map_Send_Invoice,"CoExistence(Create Quotation comparison Map, Send Invoice)",coexistence,coexistence,True,Create Quotation comparison Map,Send Invoice,0.091,0.091,1.0
notchainsuccession_Create_Quotation_comparison_Map_Send_Invoice,"NotChainSuccession(Create Quotation comparison Map, Send Invoice)",notchainsuccession,NotChainSuccession,True,Create Quotation comparison Map,Send Invoice,0.091,0.091,1.0
coexistence_Create_Quotation_comparison_Map_Send_Request_for_Quotation_to_Supplier,"CoExistence(Create Quotation comparison Map, Send Request for Quotation to Supplier)",coexistence,coexistence,True,Create Quotation comparison Map,Send Request for Quotation to Supplier,0.091,0.091,1.0
notchainsuccession_Create_Quotation_comparison_Map_Send_Request_for_Quotation_to_Supplier,"NotChainSuccession(Create Quotation comparison Map, Send Request for Quotation to Supplier)",notchainsuccession,NotChainSuccession,True,Create Quotation comparison Map,Send Request for Quotation to Supplier,0.091,0.091,1.0
coexistence_Create_Quotation_comparison_Map_Settle_Conditions_With_Supplier,"CoExistence(Create Quotation comparison Map, Settle Conditions With Supplier)",coexistence,coexistence,True,Create Quotation comparison Map,Settle Conditions With Supplier,0.091,0.091,1.0
notchainsuccession_Create_Quotation_comparison_Map_Settle_Conditions_With_Supplier,"NotChainSuccession(Create Quotation comparison Map, Settle Conditions With Supplier)",notchainsuccession,NotChainSuccession,True,Create Quotation comparison Map,Settle Conditions With Supplier,0.091,0.091,1.0
notprecedence_Amend_Request_for_Quotation_Create_Request_for_Quotation,"NotPrecedence(Amend Request for Quotation, Create Request for Quotation)",notprecedence,,False,Amend Request for Quotation,Create Request for Quotation,0.06,0.06,1.0
notprecedence_Analyze_Quotation_Comparison_Map_Create_Request_for_Quotation,"NotPrecedence(Analyze Quotation Comparison Map, Create Request for Quotation)",notprecedence,,False,Analyze Quotation Comparison Map,Create Request for Quotation,0.06,0.06,1.0
notprecedence_Analyze_Request_for_Quotation_Create_Request_for_Quotation,"NotPrecedence(Analyze Request for Quotation, Create Request for Quotation)",notprecedence,,False,Analyze Request for Quotation,Create Request for Quotation,0.06,0.06,1.0
notprecedence_Approve_Purchase_Order_for_payment_Create_Request_for_Quotation,"NotPrecedence(Approve Purchase Order for payment, Create Request for Quotation)",notprecedence,,False,Approve Purchase Order for payment,Create Request for Quotation,0.06,0.06,1.0
notprecedence_Authorize_Suppliers_Invoice_payment_Create_Request_for_Quotation,"NotPrecedence(Authorize Suppliers Invoice payment, Create Request for Quotation)'",notprecedence,,False,Authorize Suppliers Invoice payment,Create Request for Quotation,0.06,0.06,1.0
notprecedence_Choose_best_option_Create_Request_for_Quotation,"NotPrecedence(Choose best option, Create Request for Quotation)",notprecedence,,False,Choose best option,Create Request for Quotation,0.06,0.06,1.0
notprecedence_Confirm_Purchase_Order_Create_Request_for_Quotation,"NotPrecedence(Confirm Purchase Order, Create Request for Quotation)",notprecedence,,False,Confirm Purchase Order,Create Request for Quotation,0.06,0.06,1.0
notprecedence_Create_Purchase_Order_Create_Request_for_Quotation,"NotPrecedence(Create Purchase Order, Create Request for Quotation)",notprecedence,,False,Create Purchase Order,Create Request for Quotation,0.06,0.06,1.0
precedence_Create_Purchase_Requisition_Create_Request_for_Quotation,"Precedence(Create Purchase Requisition, Create Request for Quotation)",precedence,precedence,True,Create Purchase Requisition,Create Request for Quotation,0.06,0.06,1.0
notprecedence_Create_Quotation_comparison_Map_Create_Request_for_Quotation,"NotPrecedence(Create Quotation comparison Map, Create Request for Quotation)",notprecedence,,False,Create Quotation comparison Map,Create Request for Quotation,0.06,0.06,1.0
notresponse_Create_Request_for_Quotation_Amend_Purchase_Requisition,"NotResponse(Create Request for Quotation, Amend Purchase Requisition)",notresponse,,False,Create Request for Quotation,Amend Purchase Requisition,0.06,0.06,1.0
notchainresponse_Create_Request_for_Quotation_Amend_Request_for_Quotation,"NotChainResponse(Create Request for Quotation, Amend Request for Quotation)",notchainresponse,,False,Create Request for Quotation,Amend Request for Quotation,0.06,0.06,1.0
notresponse_Create_Request_for_Quotation_Analyze_Purchase_Requisition,"NotResponse(Create Request for Quotation, Analyze Purchase Requisition)",notresponse,,False,Create Request for Quotation,Analyze Purchase Requisition,0.06,0.06,1.0
notchainresponse_Create_Request_for_Quotation_Analyze_Quotation_Comparison_Map,"NotChainResponse(Create Request for Quotation, Analyze Quotation Comparison Map)",notchainresponse,,False,Create Request for Quotation,Analyze Quotation Comparison Map,0.06,0.06,1.0
response_Create_Request_for_Quotation_Analyze_Request_for_Quotation,"Response(Create Request for Quotation, Analyze Request for Quotation)",response,eventually,True,Create Request for Quotation,Analyze Request for Quotation,0.06,0.06,1.0
coexistence_Create_Request_for_Quotation_Analyze_Request_for_Quotation,"CoExistence(Create Request for Quotation, Analyze Request for Quotation)",coexistence,coexistence,True,Create Request for Quotation,Analyze Request for Quotation,0.181,0.181,1.0
notchainresponse_Create_Request_for_Quotation_Approve_Purchase_Order_for_payment,"NotChainResponse(Create Request for Quotation, Approve Purchase Order for payment)",notchainresponse,,False,Create Request for Quotation,Approve Purchase Order for payment,0.06,0.06,1.0
notchainresponse_Create_Request_for_Quotation_Authorize_Suppliers_Invoice_payment,"NotChainResponse(Create Request for Quotation, Authorize Suppliers Invoice payment)'",notchainresponse,,False,Create Request for Quotation,Authorize Suppliers Invoice payment,0.06,0.06,1.0
notchainresponse_Create_Request_for_Quotation_Choose_best_option,"NotChainResponse(Create Request for Quotation, Choose best option)",notchainresponse,,False,Create Request for Quotation,Choose best option,0.06,0.06,1.0
notchainresponse_Create_Request_for_Quotation_Confirm_Purchase_Order,"NotChainResponse(Create Request for Quotation, Confirm Purchase Order)",notchainresponse,,False,Create Request for Quotation,Confirm Purchase Order,0.06,0.06,1.0
notchainresponse_Create_Request_for_Quotation_Create_Purchase_Order,"NotChainResponse(Create Request for Quotation, Create Purchase Order)",notchainresponse,,False,Create Request for Quotation,Create Purchase Order,0.06,0.06,1.0
notresponse_Create_Request_for_Quotation_Create_Purchase_Requisition,"NotResponse(Create Request for Quotation, Create Purchase Requisition)",notresponse,,False,Create Request for Quotation,Create Purchase Requisition,0.06,0.06,1.0
notchainsuccession_Create_Request_for_Quotation_Create_Purchase_Requisition,"NotChainSuccession(Create Request for Quotation, Create Purchase Requisition)",notchainsuccession,NotChainSuccession,True,Create Request for Quotation,Create Purchase Requisition,0.126,0.126,1.0
notchainresponse_Create_Request_for_Quotation_Create_Quotation_comparison_Map,"NotChainResponse(Create Request for Quotation, Create Quotation comparison Map)",notchainresponse,,False,Create Request for Quotation,Create Quotation comparison Map,0.06,0.06,1.0
notchainresponse_Create_Request_for_Quotation_Deliver_Goods_Services,"NotChainResponse(Create Request for Quotation, Deliver Goods Services)",notchainresponse,,False,Create Request for Quotation,Deliver Goods Services,0.06,0.06,1.0
notchainresponse_Create_Request_for_Quotation_Pay_Invoice,"NotChainResponse(Create Request for Quotation, Pay Invoice)",notchainresponse,,False,Create Request for Quotation,Pay Invoice,0.06,0.06,1.0
notchainresponse_Create_Request_for_Quotation_Release_Purchase_Order,"NotChainResponse(Create Request for Quotation, Release Purchase Order)",notchainresponse,,False,Create Request for Quotation,Release Purchase Order,0.06,0.06,1.0
notchainresponse_Create_Request_for_Quotation_Release_Suppliers_Invoice,"NotChainResponse(Create Request for Quotation, Release Suppliers Invoice)'",notchainresponse,,False,Create Request for Quotation,Release Suppliers Invoice,0.06,0.06,1.0
notchainresponse_Create_Request_for_Quotation_Send_Invoice,"NotChainResponse(Create Request for Quotation, Send Invoice)",notchainresponse,,False,Create Request for Quotation,Send Invoice,0.06,0.06,1.0
notchainresponse_Create_Request_for_Quotation_Send_Request_for_Quotation_to_Supplier,"NotChainResponse(Create Request for Quotation, Send Request for Quotation to Supplier)",notchainresponse,,False,Create Request for Quotation,Send Request for Quotation to Supplier,0.06,0.06,1.0
notchainresponse_Create_Request_for_Quotation_Settle_Conditions_With_Supplier,"NotChainResponse(Create Request for Quotation, Settle Conditions With Supplier)",notchainresponse,,False,Create Request for Quotation,Settle Conditions With Supplier,0.06,0.06,1.0
notchainresponse_Create_Request_for_Quotation_Settle_Dispute_With_Supplier,"NotChainResponse(Create Request for Quotation, Settle Dispute With Supplier)",notchainresponse,,False,Create Request for Quotation,Settle Dispute With Supplier,0.06,0.06,1.0
notprecedence_Deliver_Goods_Services_Create_Request_for_Quotation,"NotPrecedence(Deliver Goods Services, Create Request for Quotation)",notprecedence,,False,Deliver Goods Services,Create Request for Quotation,0.06,0.06,1.0
notprecedence_Pay_Invoice_Create_Request_for_Quotation,"NotPrecedence(Pay Invoice, Create Request for Quotation)",notprecedence,,False,Pay Invoice,Create Request for Quotation,0.06,0.06,1.0
notprecedence_Release_Purchase_Order_Create_Request_for_Quotation,"NotPrecedence(Release Purchase Order, Create Request for Quotation)",notprecedence,,False,Release Purchase Order,Create Request for Quotation,0.06,0.06,1.0
notprecedence_Release_Suppliers_Invoice_Create_Request_for_Quotation,"NotPrecedence(Release Suppliers Invoice, Create Request for Quotation)'",notprecedence,,False,Release Suppliers Invoice,Create Request for Quotation,0.06,0.06,1.0
notprecedence_Send_Invoice_Create_Request_for_Quotation,"NotPrecedence(Send Invoice, Create Request for Quotation)",notprecedence,,False,Send Invoice,Create Request for Quotation,0.06,0.06,1.0
notprecedence_Send_Request_for_Quotation_to_Supplier_Create_Request_for_Quotation,"NotPrecedence(Send Request for Quotation to Supplier, Create Request for Quotation)",notprecedence,,False,Send Request for Quotation to Supplier,Create Request for Quotation,0.06,0.06,1.0
notprecedence_Settle_Conditions_With_Supplier_Create_Request_for_Quotation,"NotPrecedence(Settle Conditions With Supplier, Create Request for Quotation)",notprecedence,,False,Settle Conditions With Supplier,Create Request for Quotation,0.06,0.06,1.0
notprecedence_Settle_Dispute_With_Supplier_Create_Request_for_Quotation,"NotPrecedence(Settle Dispute With Supplier, Create Request for Quotation)",notprecedence,,False,Settle Dispute With Supplier,Create Request for Quotation,0.06,0.06,1.0
coexistence_Deliver_Goods_Services_Analyze_Quotation_Comparison_Map,"CoExistence(Deliver Goods Services, Analyze Quotation Comparison Map)",coexistence,coexistence,True,Deliver Goods Services,Analyze Quotation Comparison Map,0.091,0.091,1.0
notchainsuccession_Deliver_Goods_Services_Analyze_Quotation_Comparison_Map,"NotChainSuccession(Deliver Goods Services, Analyze Quotation Comparison Map)",notchainsuccession,NotChainSuccession,True,Deliver Goods Services,Analyze Quotation Comparison Map,0.091,0.091,1.0
notchainsuccession_Deliver_Goods_Services_Analyze_Request_for_Quotation,"NotChainSuccession(Deliver Goods Services, Analyze Request for Quotation)",notchainsuccession,NotChainSuccession,True,Deliver Goods Services,Analyze Request for Quotation,0.167,0.167,1.0
coexistence_Deliver_Goods_Services_Approve_Purchase_Order_for_payment,"CoExistence(Deliver Goods Services, Approve Purchase Order for payment)",coexistence,coexistence,True,Deliver Goods Services,Approve Purchase Order for payment,0.091,0.091,1.0
notchainsuccession_Deliver_Goods_Services_Approve_Purchase_Order_for_payment,"NotChainSuccession(Deliver Goods Services, Approve Purchase Order for payment)",notchainsuccession,NotChainSuccession,True,Deliver Goods Services,Approve Purchase Order for payment,0.091,0.091,1.0
coexistence_Deliver_Goods_Services_Authorize_Suppliers_Invoice_payment,"CoExistence(Deliver Goods Services, Authorize Suppliers Invoice payment)'",coexistence,coexistence,True,Deliver Goods Services,Authorize Suppliers Invoice payment,0.091,0.091,1.0
notchainsuccession_Deliver_Goods_Services_Authorize_Suppliers_Invoice_payment,"NotChainSuccession(Deliver Goods Services, Authorize Suppliers Invoice payment)'",notchainsuccession,NotChainSuccession,True,Deliver Goods Services,Authorize Suppliers Invoice payment,0.091,0.091,1.0
coexistence_Deliver_Goods_Services_Choose_best_option,"CoExistence(Deliver Goods Services, Choose best option)",coexistence,coexistence,True,Deliver Goods Services,Choose best option,0.091,0.091,1.0
notchainsuccession_Deliver_Goods_Services_Choose_best_option,"NotChainSuccession(Deliver Goods Services, Choose best option)",notchainsuccession,NotChainSuccession,True,Deliver Goods Services,Choose best option,0.091,0.091,1.0
coexistence_Deliver_Goods_Services_Confirm_Purchase_Order,"CoExistence(Deliver Goods Services, Confirm Purchase Order)",coexistence,coexistence,True,Deliver Goods Services,Confirm Purchase Order,0.091,0.091,1.0
notchainsuccession_Deliver_Goods_Services_Confirm_Purchase_Order,"NotChainSuccession(Deliver Goods Services, Confirm Purchase Order)",notchainsuccession,NotChainSuccession,True,Deliver Goods Services,Confirm Purchase Order,0.091,0.091,1.0
coexistence_Deliver_Goods_Services_Create_Purchase_Order,"CoExistence(Deliver Goods Services, Create Purchase Order)",coexistence,coexistence,True,Deliver Goods Services,Create Purchase Order,0.091,0.091,1.0
notchainsuccession_Deliver_Goods_Services_Create_Purchase_Order,"NotChainSuccession(Deliver Goods Services, Create Purchase Order)",notchainsuccession,NotChainSuccession,True,Deliver Goods Services,Create Purchase Order,0.091,0.091,1.0
notchainsuccession_Deliver_Goods_Services_Create_Purchase_Requisition,"NotChainSuccession(Deliver Goods Services, Create Purchase Requisition)",notchainsuccession,NotChainSuccession,True,Deliver Goods Services,Create Purchase Requisition,0.112,0.112,1.0
coexistence_Deliver_Goods_Services_Create_Quotation_comparison_Map,"CoExistence(Deliver Goods Services, Create Quotation comparison Map)",coexistence,coexistence,True,Deliver Goods Services,Create Quotation comparison Map,0.091,0.091,1.0
notchainsuccession_Deliver_Goods_Services_Create_Quotation_comparison_Map,"NotChainSuccession(Deliver Goods Services, Create Quotation comparison Map)",notchainsuccession,NotChainSuccession,True,Deliver Goods Services,Create Quotation comparison Map,0.091,0.091,1.0
notchainsuccession_Deliver_Goods_Services_Create_Request_for_Quotation,"NotChainSuccession(Deliver Goods Services, Create Request for Quotation)",notchainsuccession,NotChainSuccession,True,Deliver Goods Services,Create Request for Quotation,0.105,0.105,1.0
coexistence_Deliver_Goods_Services_Pay_Invoice,"CoExistence(Deliver Goods Services, Pay Invoice)",coexistence,coexistence,True,Deliver Goods Services,Pay Invoice,0.091,0.091,1.0
notchainsuccession_Deliver_Goods_Services_Pay_Invoice,"NotChainSuccession(Deliver Goods Services, Pay Invoice)",notchainsuccession,NotChainSuccession,True,Deliver Goods Services,Pay Invoice,0.091,0.091,1.0
coexistence_Deliver_Goods_Services_Release_Purchase_Order,"CoExistence(Deliver Goods Services, Release Purchase Order)",coexistence,coexistence,True,Deliver Goods Services,Release Purchase Order,0.093,0.093,1.0
coexistence_Deliver_Goods_Services_Release_Suppliers_Invoice,"CoExistence(Deliver Goods Services, Release Suppliers Invoice)'",coexistence,coexistence,True,Deliver Goods Services,Release Suppliers Invoice,0.088,0.089,0.988
notchainsuccession_Deliver_Goods_Services_Release_Suppliers_Invoice,"NotChainSuccession(Deliver Goods Services, Release Suppliers Invoice)'",notchainsuccession,NotChainSuccession,True,Deliver Goods Services,Release Suppliers Invoice,0.089,0.089,1.0
coexistence_Deliver_Goods_Services_Send_Invoice,"CoExistence(Deliver Goods Services, Send Invoice)",coexistence,coexistence,True,Deliver Goods Services,Send Invoice,0.091,0.091,1.0
notchainsuccession_Deliver_Goods_Services_Send_Invoice,"NotChainSuccession(Deliver Goods Services, Send Invoice)",notchainsuccession,NotChainSuccession,True,Deliver Goods Services,Send Invoice,0.091,0.091,1.0
coexistence_Deliver_Goods_Services_Send_Request_for_Quotation_to_Supplier,"CoExistence(Deliver Goods Services, Send Request for Quotation to Supplier)",coexistence,coexistence,True,Deliver Goods Services,Send Request for Quotation to Supplier,0.091,0.091,1.0
notchainsuccession_Deliver_Goods_Services_Send_Request_for_Quotation_to_Supplier,"NotChainSuccession(Deliver Goods Services, Send Request for Quotation to Supplier)",notchainsuccession,NotChainSuccession,True,Deliver Goods Services,Send Request for Quotation to Supplier,0.091,0.091,1.0
coexistence_Deliver_Goods_Services_Settle_Conditions_With_Supplier,"CoExistence(Deliver Goods Services, Settle Conditions With Supplier)",coexistence,coexistence,True,Deliver Goods Services,Settle Conditions With Supplier,0.091,0.091,1.0
notchainsuccession_Deliver_Goods_Services_Settle_Conditions_With_Supplier,"NotChainSuccession(Deliver Goods Services, Settle Conditions With Supplier)",notchainsuccession,NotChainSuccession,True,Deliver Goods Services,Settle Conditions With Supplier,0.091,0.091,1.0
coexistence_Pay_Invoice_Analyze_Quotation_Comparison_Map,"CoExistence(Pay Invoice, Analyze Quotation Comparison Map)",coexistence,coexistence,True,Pay Invoice,Analyze Quotation Comparison Map,0.091,0.091,1.0
notchainsuccession_Pay_Invoice_Analyze_Quotation_Comparison_Map,"NotChainSuccession(Pay Invoice, Analyze Quotation Comparison Map)",notchainsuccession,NotChainSuccession,True,Pay Invoice,Analyze Quotation Comparison Map,0.091,0.091,1.0
notchainsuccession_Pay_Invoice_Analyze_Request_for_Quotation,"NotChainSuccession(Pay Invoice, Analyze Request for Quotation)",notchainsuccession,NotChainSuccession,True,Pay Invoice,Analyze Request for Quotation,0.167,0.167,1.0
coexistence_Pay_Invoice_Approve_Purchase_Order_for_payment,"CoExistence(Pay Invoice, Approve Purchase Order for payment)",coexistence,coexistence,True,Pay Invoice,Approve Purchase Order for payment,0.091,0.091,1.0
notchainsuccession_Pay_Invoice_Approve_Purchase_Order_for_payment,"NotChainSuccession(Pay Invoice, Approve Purchase Order for payment)",notchainsuccession,NotChainSuccession,True,Pay Invoice,Approve Purchase Order for payment,0.091,0.091,1.0
coexistence_Pay_Invoice_Authorize_Suppliers_Invoice_payment,"CoExistence(Pay Invoice, Authorize Suppliers Invoice payment)'",coexistence,coexistence,True,Pay Invoice,Authorize Suppliers Invoice payment,0.091,0.091,1.0
notchainsuccession_Pay_Invoice_Authorize_Suppliers_Invoice_payment,"NotChainSuccession(Pay Invoice, Authorize Suppliers Invoice payment)'",notchainsuccession,NotChainSuccession,True,Pay Invoice,Authorize Suppliers Invoice payment,0.091,0.091,1.0
coexistence_Pay_Invoice_Choose_best_option,"CoExistence(Pay Invoice, Choose best option)",coexistence,coexistence,True,Pay Invoice,Choose best option,0.091,0.091,1.0
notchainsuccession_Pay_Invoice_Choose_best_option,"NotChainSuccession(Pay Invoice, Choose best option)",notchainsuccession,NotChainSuccession,True,Pay Invoice,Choose best option,0.091,0.091,1.0
coexistence_Pay_Invoice_Confirm_Purchase_Order,"CoExistence(Pay Invoice, Confirm Purchase Order)",coexistence,coexistence,True,Pay Invoice,Confirm Purchase Order,0.091,0.091,1.0
notchainsuccession_Pay_Invoice_Confirm_Purchase_Order,"NotChainSuccession(Pay Invoice, Confirm Purchase Order)",notchainsuccession,NotChainSuccession,True,Pay Invoice,Confirm Purchase Order,0.091,0.091,1.0
coexistence_Pay_Invoice_Create_Purchase_Order,"CoExistence(Pay Invoice, Create Purchase Order)",coexistence,coexistence,True,Pay Invoice,Create Purchase Order,0.091,0.091,1.0
notchainsuccession_Pay_Invoice_Create_Purchase_Order,"NotChainSuccession(Pay Invoice, Create Purchase Order)",notchainsuccession,NotChainSuccession,True,Pay Invoice,Create Purchase Order,0.091,0.091,1.0
notchainsuccession_Pay_Invoice_Create_Purchase_Requisition,"NotChainSuccession(Pay Invoice, Create Purchase Requisition)",notchainsuccession,NotChainSuccession,True,Pay Invoice,Create Purchase Requisition,0.112,0.112,1.0
coexistence_Pay_Invoice_Create_Quotation_comparison_Map,"CoExistence(Pay Invoice, Create Quotation comparison Map)",coexistence,coexistence,True,Pay Invoice,Create Quotation comparison Map,0.091,0.091,1.0
notchainsuccession_Pay_Invoice_Create_Quotation_comparison_Map,"NotChainSuccession(Pay Invoice, Create Quotation comparison Map)",notchainsuccession,NotChainSuccession,True,Pay Invoice,Create Quotation comparison Map,0.091,0.091,1.0
notchainsuccession_Pay_Invoice_Create_Request_for_Quotation,"NotChainSuccession(Pay Invoice, Create Request for Quotation)",notchainsuccession,NotChainSuccession,True,Pay Invoice,Create Request for Quotation,0.105,0.105,1.0
coexistence_Pay_Invoice_Deliver_Goods_Services,"CoExistence(Pay Invoice, Deliver Goods Services)",coexistence,coexistence,True,Pay Invoice,Deliver Goods Services,0.091,0.091,1.0
notchainsuccession_Pay_Invoice_Deliver_Goods_Services,"NotChainSuccession(Pay Invoice, Deliver Goods Services)",notchainsuccession,NotChainSuccession,True,Pay Invoice,Deliver Goods Services,0.091,0.091,1.0
coexistence_Pay_Invoice_Release_Purchase_Order,"CoExistence(Pay Invoice, Release Purchase Order)",coexistence,coexistence,True,Pay Invoice,Release Purchase Order,0.093,0.093,1.0
notchainsuccession_Pay_Invoice_Release_Purchase_Order,"NotChainSuccession(Pay Invoice, Release Purchase Order)",notchainsuccession,NotChainSuccession,True,Pay Invoice,Release Purchase Order,0.093,0.093,1.0
coexistence_Pay_Invoice_Release_Suppliers_Invoice,"CoExistence(Pay Invoice, Release Suppliers Invoice)'",coexistence,coexistence,True,Pay Invoice,Release Suppliers Invoice,0.088,0.089,0.988
notchainsuccession_Pay_Invoice_Release_Suppliers_Invoice,"NotChainSuccession(Pay Invoice, Release Suppliers Invoice)'",notchainsuccession,NotChainSuccession,True,Pay Invoice,Release Suppliers Invoice,0.089,0.089,1.0
coexistence_Pay_Invoice_Send_Invoice,"CoExistence(Pay Invoice, Send Invoice)",coexistence,coexistence,True,Pay Invoice,Send Invoice,0.091,0.091,1.0
notchainsuccession_Pay_Invoice_Send_Invoice,"NotChainSuccession(Pay Invoice, Send Invoice)",notchainsuccession,NotChainSuccession,True,Pay Invoice,Send Invoice,0.091,0.091,1.0
coexistence_Pay_Invoice_Send_Request_for_Quotation_to_Supplier,"CoExistence(Pay Invoice, Send Request for Quotation to Supplier)",coexistence,coexistence,True,Pay Invoice,Send Request for Quotation to Supplier,0.091,0.091,1.0
notchainsuccession_Pay_Invoice_Send_Request_for_Quotation_to_Supplier,"NotChainSuccession(Pay Invoice, Send Request for Quotation to Supplier)",notchainsuccession,NotChainSuccession,True,Pay Invoice,Send Request for Quotation to Supplier,0.091,0.091,1.0
coexistence_Pay_Invoice_Settle_Conditions_With_Supplier,"CoExistence(Pay Invoice, Settle Conditions With Supplier)",coexistence,coexistence,True,Pay Invoice,Settle Conditions With Supplier,0.091,0.091,1.0
notchainsuccession_Pay_Invoice_Settle_Conditions_With_Supplier,"NotChainSuccession(Pay Invoice, Settle Conditions With Supplier)",notchainsuccession,NotChainSuccession,True,Pay Invoice,Settle Conditions With Supplier,0.091,0.091,1.0
coexistence_Release_Purchase_Order_Analyze_Quotation_Comparison_Map,"CoExistence(Release Purchase Order, Analyze Quotation Comparison Map)",coexistence,coexistence,True,Release Purchase Order,Analyze Quotation Comparison Map,0.093,0.093,1.0
notchainsuccession_Release_Purchase_Order_Analyze_Quotation_Comparison_Map,"NotChainSuccession(Release Purchase Order, Analyze Quotation Comparison Map)",notchainsuccession,NotChainSuccession,True,Release Purchase Order,Analyze Quotation Comparison Map,0.093,0.093,1.0
notchainsuccession_Release_Purchase_Order_Analyze_Request_for_Quotation,"NotChainSuccession(Release Purchase Order, Analyze Request for Quotation)",notchainsuccession,NotChainSuccession,True,Release Purchase Order,Analyze Request for Quotation,0.17,0.17,1.0
coexistence_Release_Purchase_Order_Approve_Purchase_Order_for_payment,"CoExistence(Release Purchase Order, Approve Purchase Order for payment)",coexistence,coexistence,True,Release Purchase Order,Approve Purchase Order for payment,0.093,0.093,1.0
coexistence_Release_Purchase_Order_Authorize_Suppliers_Invoice_payment,"CoExistence(Release Purchase Order, Authorize Suppliers Invoice payment)'",coexistence,coexistence,True,Release Purchase Order,Authorize Suppliers Invoice payment,0.093,0.093,1.0
notchainsuccession_Release_Purchase_Order_Authorize_Suppliers_Invoice_payment,"NotChainSuccession(Release Purchase Order, Authorize Suppliers Invoice payment)'",notchainsuccession,NotChainSuccession,True,Release Purchase Order,Authorize Suppliers Invoice payment,0.093,0.093,1.0
coexistence_Release_Purchase_Order_Choose_best_option,"CoExistence(Release Purchase Order, Choose best option)",coexistence,coexistence,True,Release Purchase Order,Choose best option,0.093,0.093,1.0
notchainsuccession_Release_Purchase_Order_Choose_best_option,"NotChainSuccession(Release Purchase Order, Choose best option)",notchainsuccession,NotChainSuccession,True,Release Purchase Order,Choose best option,0.093,0.093,1.0
coexistence_Release_Purchase_Order_Confirm_Purchase_Order,"CoExistence(Release Purchase Order, Confirm Purchase Order)",coexistence,coexistence,True,Release Purchase Order,Confirm Purchase Order,0.093,0.093,1.0
notchainsuccession_Release_Purchase_Order_Confirm_Purchase_Order,"NotChainSuccession(Release Purchase Order, Confirm Purchase Order)",notchainsuccession,NotChainSuccession,True,Release Purchase Order,Confirm Purchase Order,0.093,0.093,1.0
coexistence_Release_Purchase_Order_Create_Purchase_Order,"CoExistence(Release Purchase Order, Create Purchase Order)",coexistence,coexistence,True,Release Purchase Order,Create Purchase Order,0.093,0.093,1.0
notchainsuccession_Release_Purchase_Order_Create_Purchase_Order,"NotChainSuccession(Release Purchase Order, Create Purchase Order)",notchainsuccession,NotChainSuccession,True,Release Purchase Order,Create Purchase Order,0.093,0.093,1.0
notchainsuccession_Release_Purchase_Order_Create_Purchase_Requisition,"NotChainSuccession(Release Purchase Order, Create Purchase Requisition)",notchainsuccession,NotChainSuccession,True,Release Purchase Order,Create Purchase Requisition,0.115,0.115,1.0
coexistence_Release_Purchase_Order_Create_Quotation_comparison_Map,"CoExistence(Release Purchase Order, Create Quotation comparison Map)",coexistence,coexistence,True,Release Purchase Order,Create Quotation comparison Map,0.093,0.093,1.0
notchainsuccession_Release_Purchase_Order_Create_Quotation_comparison_Map,"NotChainSuccession(Release Purchase Order, Create Quotation comparison Map)",notchainsuccession,NotChainSuccession,True,Release Purchase Order,Create Quotation comparison Map,0.093,0.093,1.0
notchainsuccession_Release_Purchase_Order_Create_Request_for_Quotation,"NotChainSuccession(Release Purchase Order, Create Request for Quotation)",notchainsuccession,NotChainSuccession,True,Release Purchase Order,Create Request for Quotation,0.108,0.108,1.0
coexistence_Release_Purchase_Order_Deliver_Goods_Services,"CoExistence(Release Purchase Order, Deliver Goods Services)",coexistence,coexistence,True,Release Purchase Order,Deliver Goods Services,0.093,0.093,1.0
notchainsuccession_Release_Purchase_Order_Deliver_Goods_Services,"NotChainSuccession(Release Purchase Order, Deliver Goods Services)",notchainsuccession,NotChainSuccession,True,Release Purchase Order,Deliver Goods Services,0.093,0.093,1.0
coexistence_Release_Purchase_Order_Pay_Invoice,"CoExistence(Release Purchase Order, Pay Invoice)",coexistence,coexistence,True,Release Purchase Order,Pay Invoice,0.093,0.093,1.0
notchainsuccession_Release_Purchase_Order_Pay_Invoice,"NotChainSuccession(Release Purchase Order, Pay Invoice)",notchainsuccession,NotChainSuccession,True,Release Purchase Order,Pay Invoice,0.093,0.093,1.0
coexistence_Release_Purchase_Order_Release_Suppliers_Invoice,"CoExistence(Release Purchase Order, Release Suppliers Invoice)'",coexistence,coexistence,True,Release Purchase Order,Release Suppliers Invoice,0.091,0.092,0.987
notchainsuccession_Release_Purchase_Order_Release_Suppliers_Invoice,"NotChainSuccession(Release Purchase Order, Release Suppliers Invoice)'",notchainsuccession,NotChainSuccession,True,Release Purchase Order,Release Suppliers Invoice,0.092,0.092,1.0
coexistence_Release_Purchase_Order_Send_Invoice,"CoExistence(Release Purchase Order, Send Invoice)",coexistence,coexistence,True,Release Purchase Order,Send Invoice,0.093,0.093,1.0
notchainsuccession_Release_Purchase_Order_Send_Invoice,"NotChainSuccession(Release Purchase Order, Send Invoice)",notchainsuccession,NotChainSuccession,True,Release Purchase Order,Send Invoice,0.093,0.093,1.0
coexistence_Release_Purchase_Order_Send_Request_for_Quotation_to_Supplier,"CoExistence(Release Purchase Order, Send Request for Quotation to Supplier)",coexistence,coexistence,True,Release Purchase Order,Send Request for Quotation to Supplier,0.093,0.093,1.0
notchainsuccession_Release_Purchase_Order_Send_Request_for_Quotation_to_Supplier,"NotChainSuccession(Release Purchase Order, Send Request for Quotation to Supplier)",notchainsuccession,NotChainSuccession,True,Release Purchase Order,Send Request for Quotation to Supplier,0.093,0.093,1.0
coexistence_Release_Purchase_Order_Settle_Conditions_With_Supplier,"CoExistence(Release Purchase Order, Settle Conditions With Supplier)",coexistence,coexistence,True,Release Purchase Order,Settle Conditions With Supplier,0.093,0.093,1.0
notchainsuccession_Release_Purchase_Order_Settle_Conditions_With_Supplier,"NotChainSuccession(Release Purchase Order, Settle Conditions With Supplier)",notchainsuccession,NotChainSuccession,True,Release Purchase Order,Settle Conditions With Supplier,0.093,0.093,1.0
coexistence_Release_Suppliers_Invoice_Analyze_Quotation_Comparison_Map,"CoExistence(Release Suppliers Invoice, Analyze Quotation Comparison Map)'",coexistence,coexistence,True,Release Suppliers Invoice,Analyze Quotation Comparison Map,0.088,0.089,0.988
notchainsuccession_Release_Suppliers_Invoice_Analyze_Quotation_Comparison_Map,"NotChainSuccession(Release Suppliers Invoice, Analyze Quotation Comparison Map)'",notchainsuccession,NotChainSuccession,True,Release Suppliers Invoice,Analyze Quotation Comparison Map,0.089,0.089,1.0
notchainsuccession_Release_Suppliers_Invoice_Analyze_Request_for_Quotation,"NotChainSuccession(Release Suppliers Invoice, Analyze Request for Quotation)'",notchainsuccession,NotChainSuccession,True,Release Suppliers Invoice,Analyze Request for Quotation,0.166,0.166,1.0
coexistence_Release_Suppliers_Invoice_Approve_Purchase_Order_for_payment,"CoExistence(Release Suppliers Invoice, Approve Purchase Order for payment)'",coexistence,coexistence,True,Release Suppliers Invoice,Approve Purchase Order for payment,0.088,0.089,0.988
notchainsuccession_Release_Suppliers_Invoice_Approve_Purchase_Order_for_payment,"NotChainSuccession(Release Suppliers Invoice, Approve Purchase Order for payment)'",notchainsuccession,NotChainSuccession,True,Release Suppliers Invoice,Approve Purchase Order for payment,0.089,0.089,1.0
coexistence_Release_Suppliers_Invoice_Authorize_Supplier_s_Invoice_payment,"CoExistence(Release Suppliers Invoice, Authorize Supplier's Invoice payment)'",coexistence,coexistence,True,Release Suppliers Invoice,Authorize Supplier's Invoice payment,0.088,0.089,0.988
coexistence_Release_Suppliers_Invoice_Choose_best_option,"CoExistence(Release Suppliers Invoice, Choose best option)'",coexistence,coexistence,True,Release Suppliers Invoice,Choose best option,0.088,0.089,0.988
notchainsuccession_Release_Suppliers_Invoice_Choose_best_option,"NotChainSuccession(Release Suppliers Invoice, Choose best option)'",notchainsuccession,NotChainSuccession,True,Release Suppliers Invoice,Choose best option,0.089,0.089,1.0
coexistence_Release_Suppliers_Invoice_Confirm_Purchase_Order,"CoExistence(Release Suppliers Invoice, Confirm Purchase Order)'",coexistence,coexistence,True,Release Suppliers Invoice,Confirm Purchase Order,0.088,0.089,0.988
notchainsuccession_Release_Suppliers_Invoice_Confirm_Purchase_Order,"NotChainSuccession(Release Suppliers Invoice, Confirm Purchase Order)'",notchainsuccession,NotChainSuccession,True,Release Suppliers Invoice,Confirm Purchase Order,0.089,0.089,1.0
coexistence_Release_Suppliers_Invoice_Create_Purchase_Order,"CoExistence(Release Suppliers Invoice, Create Purchase Order)'",coexistence,coexistence,True,Release Suppliers Invoice,Create Purchase Order,0.088,0.089,0.988
notchainsuccession_Release_Suppliers_Invoice_Create_Purchase_Order,"NotChainSuccession(Release Suppliers Invoice, Create Purchase Order)'",notchainsuccession,NotChainSuccession,True,Release Suppliers Invoice,Create Purchase Order,0.089,0.089,1.0
notchainsuccession_Release_Suppliers_Invoice_Create_Purchase_Requisition,"NotChainSuccession(Release Suppliers Invoice, Create Purchase Requisition)'",notchainsuccession,NotChainSuccession,True,Release Suppliers Invoice,Create Purchase Requisition,0.111,0.111,1.0
coexistence_Release_Suppliers_Invoice_Create_Quotation_comparison_Map,"CoExistence(Release Suppliers Invoice, Create Quotation comparison Map)'",coexistence,coexistence,True,Release Suppliers Invoice,Create Quotation comparison Map,0.088,0.089,0.988
notchainsuccession_Release_Suppliers_Invoice_Create_Quotation_comparison_Map,"NotChainSuccession(Release Suppliers Invoice, Create Quotation comparison Map)'",notchainsuccession,NotChainSuccession,True,Release Suppliers Invoice,Create Quotation comparison Map,0.089,0.089,1.0
notchainsuccession_Release_Suppliers_Invoice_Create_Request_for_Quotation,"NotChainSuccession(Release Suppliers Invoice, Create Request for Quotation)'",notchainsuccession,NotChainSuccession,True,Release Suppliers Invoice,Create Request for Quotation,0.104,0.104,1.0
coexistence_Release_Suppliers_Invoice_Deliver_Goods_Services,"CoExistence(Release Suppliers Invoice, Deliver Goods Services)'",coexistence,coexistence,True,Release Suppliers Invoice,Deliver Goods Services,0.088,0.089,0.988
notchainsuccession_Release_Suppliers_Invoice_Deliver_Goods_Services,"NotChainSuccession(Release Suppliers Invoice, Deliver Goods Services)'",notchainsuccession,NotChainSuccession,True,Release Suppliers Invoice,Deliver Goods Services,0.089,0.089,1.0
coexistence_Release_Suppliers_Invoice_Pay_Invoice,"CoExistence(Release Suppliers Invoice, Pay Invoice)'",coexistence,coexistence,True,Release Suppliers Invoice,Pay Invoice,0.088,0.089,0.988
notchainsuccession_Release_Suppliers_Invoice_Pay_Invoice,"NotChainSuccession(Release Suppliers Invoice, Pay Invoice)'",notchainsuccession,NotChainSuccession,True,Release Suppliers Invoice,Pay Invoice,0.089,0.089,1.0
coexistence_Release_Suppliers_Invoice_Release_Purchase_Order,"CoExistence(Release Suppliers Invoice, Release Purchase Order)'",coexistence,coexistence,True,Release Suppliers Invoice,Release Purchase Order,0.091,0.092,0.987
notchainsuccession_Release_Suppliers_Invoice_Release_Purchase_Order,"NotChainSuccession(Release Suppliers Invoice, Release Purchase Order)'",notchainsuccession,NotChainSuccession,True,Release Suppliers Invoice,Release Purchase Order,0.092,0.092,1.0
coexistence_Release_Suppliers_Invoice_Send_Invoice,"CoExistence(Release Suppliers Invoice, Send Invoice)'",coexistence,coexistence,True,Release Suppliers Invoice,Send Invoice,0.088,0.089,0.988
notchainsuccession_Release_Suppliers_Invoice_Send_Invoice,"NotChainSuccession(Release Suppliers Invoice, Send Invoice)'",notchainsuccession,NotChainSuccession,True,Release Suppliers Invoice,Send Invoice,0.089,0.089,1.0
coexistence_Release_Suppliers_Invoice_Send_Request_for_Quotation_to_Supplier,"CoExistence(Release Suppliers Invoice, Send Request for Quotation to Supplier)'",coexistence,coexistence,True,Release Suppliers Invoice,Send Request for Quotation to Supplier,0.088,0.089,0.988
notchainsuccession_Release_Suppliers_Invoice_Send_Request_for_Quotation_to_Supplier,"NotChainSuccession(Release Suppliers Invoice, Send Request for Quotation to Supplier)'",notchainsuccession,NotChainSuccession,True,Release Suppliers Invoice,Send Request for Quotation to Supplier,0.089,0.089,1.0
coexistence_Release_Suppliers_Invoice_Settle_Conditions_With_Supplier,"CoExistence(Release Suppliers Invoice, Settle Conditions With Supplier)'",coexistence,coexistence,True,Release Suppliers Invoice,Settle Conditions With Supplier,0.088,0.089,0.988
notchainsuccession_Release_Suppliers_Invoice_Settle_Conditions_With_Supplier,"NotChainSuccession(Release Suppliers Invoice, Settle Conditions With Supplier)'",notchainsuccession,NotChainSuccession,True,Release Suppliers Invoice,Settle Conditions With Supplier,0.089,0.089,1.0
coexistence_Send_Invoice_Analyze_Quotation_Comparison_Map,"CoExistence(Send Invoice, Analyze Quotation Comparison Map)",coexistence,coexistence,True,Send Invoice,Analyze Quotation Comparison Map,0.091,0.091,1.0
notchainsuccession_Send_Invoice_Analyze_Quotation_Comparison_Map,"NotChainSuccession(Send Invoice, Analyze Quotation Comparison Map)",notchainsuccession,NotChainSuccession,True,Send Invoice,Analyze Quotation Comparison Map,0.091,0.091,1.0
notchainsuccession_Send_Invoice_Analyze_Request_for_Quotation,"NotChainSuccession(Send Invoice, Analyze Request for Quotation)",notchainsuccession,NotChainSuccession,True,Send Invoice,Analyze Request for Quotation,0.167,0.167,1.0
coexistence_Send_Invoice_Approve_Purchase_Order_for_payment,"CoExistence(Send Invoice, Approve Purchase Order for payment)",coexistence,coexistence,True,Send Invoice,Approve Purchase Order for payment,0.091,0.091,1.0
notchainsuccession_Send_Invoice_Approve_Purchase_Order_for_payment,"NotChainSuccession(Send Invoice, Approve Purchase Order for payment)",notchainsuccession,NotChainSuccession,True,Send Invoice,Approve Purchase Order for payment,0.091,0.091,1.0
coexistence_Send_Invoice_Authorize_Suppliers_Invoice_payment,"CoExistence(Send Invoice, Authorize Suppliers Invoice payment)'",coexistence,coexistence,True,Send Invoice,Authorize Suppliers Invoice payment,0.091,0.091,1.0
notchainsuccession_Send_Invoice_Authorize_Suppliers_Invoice_payment,"NotChainSuccession(Send Invoice, Authorize Suppliers Invoice payment)'",notchainsuccession,NotChainSuccession,True,Send Invoice,Authorize Suppliers Invoice payment,0.089,0.091,0.988
coexistence_Send_Invoice_Choose_best_option,"CoExistence(Send Invoice, Choose best option)",coexistence,coexistence,True,Send Invoice,Choose best option,0.091,0.091,1.0
notchainsuccession_Send_Invoice_Choose_best_option,"NotChainSuccession(Send Invoice, Choose best option)",notchainsuccession,NotChainSuccession,True,Send Invoice,Choose best option,0.091,0.091,1.0
coexistence_Send_Invoice_Confirm_Purchase_Order,"CoExistence(Send Invoice, Confirm Purchase Order)",coexistence,coexistence,True,Send Invoice,Confirm Purchase Order,0.091,0.091,1.0
notchainsuccession_Send_Invoice_Confirm_Purchase_Order,"NotChainSuccession(Send Invoice, Confirm Purchase Order)",notchainsuccession,NotChainSuccession,True,Send Invoice,Confirm Purchase Order,0.091,0.091,1.0
coexistence_Send_Invoice_Create_Purchase_Order,"CoExistence(Send Invoice, Create Purchase Order)",coexistence,coexistence,True,Send Invoice,Create Purchase Order,0.091,0.091,1.0
notchainsuccession_Send_Invoice_Create_Purchase_Order,"NotChainSuccession(Send Invoice, Create Purchase Order)",notchainsuccession,NotChainSuccession,True,Send Invoice,Create Purchase Order,0.091,0.091,1.0
notchainsuccession_Send_Invoice_Create_Purchase_Requisition,"NotChainSuccession(Send Invoice, Create Purchase Requisition)",notchainsuccession,NotChainSuccession,True,Send Invoice,Create Purchase Requisition,0.112,0.112,1.0
coexistence_Send_Invoice_Create_Quotation_comparison_Map,"CoExistence(Send Invoice, Create Quotation comparison Map)",coexistence,coexistence,True,Send Invoice,Create Quotation comparison Map,0.091,0.091,1.0
notchainsuccession_Send_Invoice_Create_Quotation_comparison_Map,"NotChainSuccession(Send Invoice, Create Quotation comparison Map)",notchainsuccession,NotChainSuccession,True,Send Invoice,Create Quotation comparison Map,0.091,0.091,1.0
notchainsuccession_Send_Invoice_Create_Request_for_Quotation,"NotChainSuccession(Send Invoice, Create Request for Quotation)",notchainsuccession,NotChainSuccession,True,Send Invoice,Create Request for Quotation,0.105,0.105,1.0
coexistence_Send_Invoice_Deliver_Goods_Services,"CoExistence(Send Invoice, Deliver Goods Services)",coexistence,coexistence,True,Send Invoice,Deliver Goods Services,0.091,0.091,1.0
notchainsuccession_Send_Invoice_Deliver_Goods_Services,"NotChainSuccession(Send Invoice, Deliver Goods Services)",notchainsuccession,NotChainSuccession,True,Send Invoice,Deliver Goods Services,0.091,0.091,1.0
coexistence_Send_Invoice_Pay_Invoice,"CoExistence(Send Invoice, Pay Invoice)",coexistence,coexistence,True,Send Invoice,Pay Invoice,0.091,0.091,1.0
notchainsuccession_Send_Invoice_Pay_Invoice,"NotChainSuccession(Send Invoice, Pay Invoice)",notchainsuccession,NotChainSuccession,True,Send Invoice,Pay Invoice,0.091,0.091,1.0
coexistence_Send_Invoice_Release_Purchase_Order,"CoExistence(Send Invoice, Release Purchase Order)",coexistence,coexistence,True,Send Invoice,Release Purchase Order,0.093,0.093,1.0
notchainsuccession_Send_Invoice_Release_Purchase_Order,"NotChainSuccession(Send Invoice, Release Purchase Order)",notchainsuccession,NotChainSuccession,True,Send Invoice,Release Purchase Order,0.093,0.093,1.0
coexistence_Send_Invoice_Release_Suppliers_Invoice,"CoExistence(Send Invoice, Release Suppliers Invoice)'",coexistence,coexistence,True,Send Invoice,Release Suppliers Invoice,0.088,0.089,0.988
coexistence_Send_Invoice_Send_Request_for_Quotation_to_Supplier,"CoExistence(Send Invoice, Send Request for Quotation to Supplier)",coexistence,coexistence,True,Send Invoice,Send Request for Quotation to Supplier,0.091,0.091,1.0
notchainsuccession_Send_Invoice_Send_Request_for_Quotation_to_Supplier,"NotChainSuccession(Send Invoice, Send Request for Quotation to Supplier)",notchainsuccession,NotChainSuccession,True,Send Invoice,Send Request for Quotation to Supplier,0.091,0.091,1.0
coexistence_Send_Invoice_Settle_Conditions_With_Supplier,"CoExistence(Send Invoice, Settle Conditions With Supplier)",coexistence,coexistence,True,Send Invoice,Settle Conditions With Supplier,0.091,0.091,1.0
notchainsuccession_Send_Invoice_Settle_Conditions_With_Supplier,"NotChainSuccession(Send Invoice, Settle Conditions With Supplier)",notchainsuccession,NotChainSuccession,True,Send Invoice,Settle Conditions With Supplier,0.091,0.091,1.0
coexistence_Send_Request_for_Quotation_to_Supplier_Analyze_Quotation_Comparison_Map,"CoExistence(Send Request for Quotation to Supplier, Analyze Quotation Comparison Map)",coexistence,coexistence,True,Send Request for Quotation to Supplier,Analyze Quotation Comparison Map,0.091,0.091,1.0
notchainsuccession_Send_Request_for_Quotation_to_Supplier_Analyze_Quotation_Comparison_Map,"NotChainSuccession(Send Request for Quotation to Supplier, Analyze Quotation Comparison Map)",notchainsuccession,NotChainSuccession,True,Send Request for Quotation to Supplier,Analyze Quotation Comparison Map,0.091,0.091,1.0
notchainsuccession_Send_Request_for_Quotation_to_Supplier_Analyze_Request_for_Quotation,"NotChainSuccession(Send Request for Quotation to Supplier, Analyze Request for Quotation)",notchainsuccession,NotChainSuccession,True,Send Request for Quotation to Supplier,Analyze Request for Quotation,0.167,0.167,1.0
coexistence_Send_Request_for_Quotation_to_Supplier_Approve_Purchase_Order_for_payment,"CoExistence(Send Request for Quotation to Supplier, Approve Purchase Order for payment)",coexistence,coexistence,True,Send Request for Quotation to Supplier,Approve Purchase Order for payment,0.091,0.091,1.0
notchainsuccession_Send_Request_for_Quotation_to_Supplier_Approve_Purchase_Order_for_payment,"NotChainSuccession(Send Request for Quotation to Supplier, Approve Purchase Order for payment)",notchainsuccession,NotChainSuccession,True,Send Request for Quotation to Supplier,Approve Purchase Order for payment,0.091,0.091,1.0
coexistence_Send_Request_for_Quotation_to_Supplier_Authorize_Suppliers_Invoice_payment,"CoExistence(Send Request for Quotation to Supplier, Authorize Suppliers Invoice payment)'",coexistence,coexistence,True,Send Request for Quotation to Supplier,Authorize Suppliers Invoice payment,0.091,0.091,1.0
notchainsuccession_Send_Request_for_Quotation_to_Supplier_Authorize_Suppliers_Invoice_payment,"NotChainSuccession(Send Request for Quotation to Supplier, Authorize Suppliers Invoice payment)'",notchainsuccession,NotChainSuccession,True,Send Request for Quotation to Supplier,Authorize Suppliers Invoice payment,0.091,0.091,1.0
coexistence_Send_Request_for_Quotation_to_Supplier_Choose_best_option,"CoExistence(Send Request for Quotation to Supplier, Choose best option)",coexistence,coexistence,True,Send Request for Quotation to Supplier,Choose best option,0.091,0.091,1.0
notchainsuccession_Send_Request_for_Quotation_to_Supplier_Choose_best_option,"NotChainSuccession(Send Request for Quotation to Supplier, Choose best option)",notchainsuccession,NotChainSuccession,True,Send Request for Quotation to Supplier,Choose best option,0.091,0.091,1.0
coexistence_Send_Request_for_Quotation_to_Supplier_Confirm_Purchase_Order,"CoExistence(Send Request for Quotation to Supplier, Confirm Purchase Order)",coexistence,coexistence,True,Send Request for Quotation to Supplier,Confirm Purchase Order,0.091,0.091,1.0
notchainsuccession_Send_Request_for_Quotation_to_Supplier_Confirm_Purchase_Order,"NotChainSuccession(Send Request for Quotation to Supplier, Confirm Purchase Order)",notchainsuccession,NotChainSuccession,True,Send Request for Quotation to Supplier,Confirm Purchase Order,0.091,0.091,1.0
coexistence_Send_Request_for_Quotation_to_Supplier_Create_Purchase_Order,"CoExistence(Send Request for Quotation to Supplier, Create Purchase Order)",coexistence,coexistence,True,Send Request for Quotation to Supplier,Create Purchase Order,0.091,0.091,1.0
notchainsuccession_Send_Request_for_Quotation_to_Supplier_Create_Purchase_Order,"NotChainSuccession(Send Request for Quotation to Supplier, Create Purchase Order)",notchainsuccession,NotChainSuccession,True,Send Request for Quotation to Supplier,Create Purchase Order,0.091,0.091,1.0
notchainsuccession_Send_Request_for_Quotation_to_Supplier_Create_Purchase_Requisition,"NotChainSuccession(Send Request for Quotation to Supplier, Create Purchase Requisition)",notchainsuccession,NotChainSuccession,True,Send Request for Quotation to Supplier,Create Purchase Requisition,0.112,0.112,1.0
coexistence_Send_Request_for_Quotation_to_Supplier_Create_Quotation_comparison_Map,"CoExistence(Send Request for Quotation to Supplier, Create Quotation comparison Map)",coexistence,coexistence,True,Send Request for Quotation to Supplier,Create Quotation comparison Map,0.091,0.091,1.0
notchainsuccession_Send_Request_for_Quotation_to_Supplier_Create_Request_for_Quotation,"NotChainSuccession(Send Request for Quotation to Supplier, Create Request for Quotation)",notchainsuccession,NotChainSuccession,True,Send Request for Quotation to Supplier,Create Request for Quotation,0.105,0.105,1.0
coexistence_Send_Request_for_Quotation_to_Supplier_Deliver_Goods_Services,"CoExistence(Send Request for Quotation to Supplier, Deliver Goods Services)",coexistence,coexistence,True,Send Request for Quotation to Supplier,Deliver Goods Services,0.091,0.091,1.0
notchainsuccession_Send_Request_for_Quotation_to_Supplier_Deliver_Goods_Services,"NotChainSuccession(Send Request for Quotation to Supplier, Deliver Goods Services)",notchainsuccession,NotChainSuccession,True,Send Request for Quotation to Supplier,Deliver Goods Services,0.091,0.091,1.0
coexistence_Send_Request_for_Quotation_to_Supplier_Pay_Invoice,"CoExistence(Send Request for Quotation to Supplier, Pay Invoice)",coexistence,coexistence,True,Send Request for Quotation to Supplier,Pay Invoice,0.091,0.091,1.0
notchainsuccession_Send_Request_for_Quotation_to_Supplier_Pay_Invoice,"NotChainSuccession(Send Request for Quotation to Supplier, Pay Invoice)",notchainsuccession,NotChainSuccession,True,Send Request for Quotation to Supplier,Pay Invoice,0.091,0.091,1.0
coexistence_Send_Request_for_Quotation_to_Supplier_Release_Purchase_Order,"CoExistence(Send Request for Quotation to Supplier, Release Purchase Order)",coexistence,coexistence,True,Send Request for Quotation to Supplier,Release Purchase Order,0.093,0.093,1.0
notchainsuccession_Send_Request_for_Quotation_to_Supplier_Release_Purchase_Order,"NotChainSuccession(Send Request for Quotation to Supplier, Release Purchase Order)",notchainsuccession,NotChainSuccession,True,Send Request for Quotation to Supplier,Release Purchase Order,0.093,0.093,1.0
coexistence_Send_Request_for_Quotation_to_Supplier_Release_Suppliers_Invoice,"CoExistence(Send Request for Quotation to Supplier, Release Suppliers Invoice)'",coexistence,coexistence,True,Send Request for Quotation to Supplier,Release Suppliers Invoice,0.088,0.089,0.988
notchainsuccession_Send_Request_for_Quotation_to_Supplier_Release_Suppliers_Invoice,"NotChainSuccession(Send Request for Quotation to Supplier, Release Suppliers Invoice)'",notchainsuccession,NotChainSuccession,True,Send Request for Quotation to Supplier,Release Suppliers Invoice,0.089,0.089,1.0
coexistence_Send_Request_for_Quotation_to_Supplier_Send_Invoice,"CoExistence(Send Request for Quotation to Supplier, Send Invoice)",coexistence,coexistence,True,Send Request for Quotation to Supplier,Send Invoice,0.091,0.091,1.0
notchainsuccession_Send_Request_for_Quotation_to_Supplier_Send_Invoice,"NotChainSuccession(Send Request for Quotation to Supplier, Send Invoice)",notchainsuccession,NotChainSuccession,True,Send Request for Quotation to Supplier,Send Invoice,0.091,0.091,1.0
coexistence_Send_Request_for_Quotation_to_Supplier_Settle_Conditions_With_Supplier,"CoExistence(Send Request for Quotation to Supplier, Settle Conditions With Supplier)",coexistence,coexistence,True,Send Request for Quotation to Supplier,Settle Conditions With Supplier,0.091,0.091,1.0
notchainsuccession_Send_Request_for_Quotation_to_Supplier_Settle_Conditions_With_Supplier,"NotChainSuccession(Send Request for Quotation to Supplier, Settle Conditions With Supplier)",notchainsuccession,NotChainSuccession,True,Send Request for Quotation to Supplier,Settle Conditions With Supplier,0.091,0.091,1.0
coexistence_Settle_Conditions_With_Supplier_Analyze_Quotation_Comparison_Map,"CoExistence(Settle Conditions With Supplier, Analyze Quotation Comparison Map)",coexistence,coexistence,True,Settle Conditions With Supplier,Analyze Quotation Comparison Map,0.091,0.091,1.0
notchainsuccession_Settle_Conditions_With_Supplier_Analyze_Quotation_Comparison_Map,"NotChainSuccession(Settle Conditions With Supplier, Analyze Quotation Comparison Map)",notchainsuccession,NotChainSuccession,True,Settle Conditions With Supplier,Analyze Quotation Comparison Map,0.091,0.091,1.0
notchainsuccession_Settle_Conditions_With_Supplier_Analyze_Request_for_Quotation,"NotChainSuccession(Settle Conditions With Supplier, Analyze Request for Quotation)",notchainsuccession,NotChainSuccession,True,Settle Conditions With Supplier,Analyze Request for Quotation,0.167,0.167,1.0
coexistence_Settle_Conditions_With_Supplier_Approve_Purchase_Order_for_payment,"CoExistence(Settle Conditions With Supplier, Approve Purchase Order for payment)",coexistence,coexistence,True,Settle Conditions With Supplier,Approve Purchase Order for payment,0.091,0.091,1.0
notchainsuccession_Settle_Conditions_With_Supplier_Approve_Purchase_Order_for_payment,"NotChainSuccession(Settle Conditions With Supplier, Approve Purchase Order for payment)",notchainsuccession,NotChainSuccession,True,Settle Conditions With Supplier,Approve Purchase Order for payment,0.091,0.091,1.0
coexistence_Settle_Conditions_With_Supplier_Authorize_Suppliers_Invoice_payment,"CoExistence(Settle Conditions With Supplier, Authorize Suppliers Invoice payment)'",coexistence,coexistence,True,Settle Conditions With Supplier,Authorize Suppliers Invoice payment,0.091,0.091,1.0
notchainsuccession_Settle_Conditions_With_Supplier_Authorize_Suppliers_Invoice_payment,"NotChainSuccession(Settle Conditions With Supplier, Authorize Suppliers Invoice payment)'",notchainsuccession,NotChainSuccession,True,Settle Conditions With Supplier,Authorize Suppliers Invoice payment,0.091,0.091,1.0
coexistence_Settle_Conditions_With_Supplier_Choose_best_option,"CoExistence(Settle Conditions With Supplier, Choose best option)",coexistence,coexistence,True,Settle Conditions With Supplier,Choose best option,0.091,0.091,1.0
notchainsuccession_Settle_Conditions_With_Supplier_Choose_best_option,"NotChainSuccession(Settle Conditions With Supplier, Choose best option)",notchainsuccession,NotChainSuccession,True,Settle Conditions With Supplier,Choose best option,0.091,0.091,1.0
coexistence_Settle_Conditions_With_Supplier_Confirm_Purchase_Order,"CoExistence(Settle Conditions With Supplier, Confirm Purchase Order)",coexistence,coexistence,True,Settle Conditions With Supplier,Confirm Purchase Order,0.091,0.091,1.0
notchainsuccession_Settle_Conditions_With_Supplier_Confirm_Purchase_Order,"NotChainSuccession(Settle Conditions With Supplier, Confirm Purchase Order)",notchainsuccession,NotChainSuccession,True,Settle Conditions With Supplier,Confirm Purchase Order,0.091,0.091,1.0
coexistence_Settle_Conditions_With_Supplier_Create_Purchase_Order,"CoExistence(Settle Conditions With Supplier, Create Purchase Order)",coexistence,coexistence,True,Settle Conditions With Supplier,Create Purchase Order,0.091,0.091,1.0
notchainsuccession_Settle_Conditions_With_Supplier_Create_Purchase_Requisition,"NotChainSuccession(Settle Conditions With Supplier, Create Purchase Requisition)",notchainsuccession,NotChainSuccession,True,Settle Conditions With Supplier,Create Purchase Requisition,0.112,0.112,1.0
coexistence_Settle_Conditions_With_Supplier_Create_Quotation_comparison_Map,"CoExistence(Settle Conditions With Supplier, Create Quotation comparison Map)",coexistence,coexistence,True,Settle Conditions With Supplier,Create Quotation comparison Map,0.091,0.091,1.0
notchainsuccession_Settle_Conditions_With_Supplier_Create_Quotation_comparison_Map,"NotChainSuccession(Settle Conditions With Supplier, Create Quotation comparison Map)",notchainsuccession,NotChainSuccession,True,Settle Conditions With Supplier,Create Quotation comparison Map,0.091,0.091,1.0
notchainsuccession_Settle_Conditions_With_Supplier_Create_Request_for_Quotation,"NotChainSuccession(Settle Conditions With Supplier, Create Request for Quotation)",notchainsuccession,NotChainSuccession,True,Settle Conditions With Supplier,Create Request for Quotation,0.105,0.105,1.0
coexistence_Settle_Conditions_With_Supplier_Deliver_Goods_Services,"CoExistence(Settle Conditions With Supplier, Deliver Goods Services)",coexistence,coexistence,True,Settle Conditions With Supplier,Deliver Goods Services,0.091,0.091,1.0
notchainsuccession_Settle_Conditions_With_Supplier_Deliver_Goods_Services,"NotChainSuccession(Settle Conditions With Supplier, Deliver Goods Services)",notchainsuccession,NotChainSuccession,True,Settle Conditions With Supplier,Deliver Goods Services,0.091,0.091,1.0
coexistence_Settle_Conditions_With_Supplier_Pay_Invoice,"CoExistence(Settle Conditions With Supplier, Pay Invoice)",coexistence,coexistence,True,Settle Conditions With Supplier,Pay Invoice,0.091,0.091,1.0
notchainsuccession_Settle_Conditions_With_Supplier_Pay_Invoice,"NotChainSuccession(Settle Conditions With Supplier, Pay Invoice)",notchainsuccession,NotChainSuccession,True,Settle Conditions With Supplier,Pay Invoice,0.091,0.091,1.0
coexistence_Settle_Conditions_With_Supplier_Release_Purchase_Order,"CoExistence(Settle Conditions With Supplier, Release Purchase Order)",coexistence,coexistence,True,Settle Conditions With Supplier,Release Purchase Order,0.093,0.093,1.0
notchainsuccession_Settle_Conditions_With_Supplier_Release_Purchase_Order,"NotChainSuccession(Settle Conditions With Supplier, Release Purchase Order)",notchainsuccession,NotChainSuccession,True,Settle Conditions With Supplier,Release Purchase Order,0.093,0.093,1.0
coexistence_Settle_Conditions_With_Supplier_Release_Suppliers_Invoice,"CoExistence(Settle Conditions With Supplier, Release Suppliers Invoice)'",coexistence,coexistence,True,Settle Conditions With Supplier,Release Suppliers Invoice,0.088,0.089,0.988
notchainsuccession_Settle_Conditions_With_Supplier_Release_Suppliers_Invoice,"NotChainSuccession(Settle Conditions With Supplier, Release Suppliers Invoice)'",notchainsuccession,NotChainSuccession,True,Settle Conditions With Supplier,Release Suppliers Invoice,0.089,0.089,1.0
coexistence_Settle_Conditions_With_Supplier_Send_Invoice,"CoExistence(Settle Conditions With Supplier, Send Invoice)",coexistence,coexistence,True,Settle Conditions With Supplier,Send Invoice,0.091,0.091,1.0
notchainsuccession_Settle_Conditions_With_Supplier_Send_Invoice,"NotChainSuccession(Settle Conditions With Supplier, Send Invoice)",notchainsuccession,NotChainSuccession,True,Settle Conditions With Supplier,Send Invoice,0.091,0.091,1.0
coexistence_Settle_Conditions_With_Supplier_Send_Request_for_Quotation_to_Supplier,"CoExistence(Settle Conditions With Supplier, Send Request for Quotation to Supplier)",coexistence,coexistence,True,Settle Conditions With Supplier,Send Request for Quotation to Supplier,0.091,0.091,1.0
notchainsuccession_Settle_Conditions_With_Supplier_Send_Request_for_Quotation_to_Supplier,"NotChainSuccession(Settle Conditions With Supplier, Send Request for Quotation to Supplier)",notchainsuccession,NotChainSuccession,True,Settle Conditions With Supplier,Send Request for Quotation to Supplier,0.091,0.091,1.0
notchainsuccession_Settle_Dispute_With_Supplier_Analyze_Quotation_Comparison_Map,"NotChainSuccession(Settle Dispute With Supplier, Analyze Quotation Comparison Map)",notchainsuccession,NotChainSuccession,True,Settle Dispute With Supplier,Analyze Quotation Comparison Map,0.057,0.057,1.0
notchainsuccession_Settle_Dispute_With_Supplier_Analyze_Request_for_Quotation,"NotChainSuccession(Settle Dispute With Supplier, Analyze Request for Quotation)",notchainsuccession,NotChainSuccession,True,Settle Dispute With Supplier,Analyze Request for Quotation,0.133,0.133,1.0
notchainsuccession_Settle_Dispute_With_Supplier_Approve_Purchase_Order_for_payment,"NotChainSuccession(Settle Dispute With Supplier, Approve Purchase Order for payment)",notchainsuccession,NotChainSuccession,True,Settle Dispute With Supplier,Approve Purchase Order for payment,0.057,0.057,1.0
notchainsuccession_Settle_Dispute_With_Supplier_Choose_best_option,"NotChainSuccession(Settle Dispute With Supplier, Choose best option)",notchainsuccession,NotChainSuccession,True,Settle Dispute With Supplier,Choose best option,0.057,0.057,1.0
notchainsuccession_Settle_Dispute_With_Supplier_Confirm_Purchase_Order,"NotChainSuccession(Settle Dispute With Supplier, Confirm Purchase Order)",notchainsuccession,NotChainSuccession,True,Settle Dispute With Supplier,Confirm Purchase Order,0.057,0.057,1.0
notchainsuccession_Settle_Dispute_With_Supplier_Create_Purchase_Order,"NotChainSuccession(Settle Dispute With Supplier, Create Purchase Order)",notchainsuccession,NotChainSuccession,True,Settle Dispute With Supplier,Create Purchase Order,0.057,0.057,1.0
notchainsuccession_Settle_Dispute_With_Supplier_Create_Purchase_Requisition,"NotChainSuccession(Settle Dispute With Supplier, Create Purchase Requisition)",notchainsuccession,NotChainSuccession,True,Settle Dispute With Supplier,Create Purchase Requisition,0.078,0.078,1.0
notchainsuccession_Settle_Dispute_With_Supplier_Create_Quotation_comparison_Map,"NotChainSuccession(Settle Dispute With Supplier, Create Quotation comparison Map)",notchainsuccession,NotChainSuccession,True,Settle Dispute With Supplier,Create Quotation comparison Map,0.057,0.057,1.0
notchainsuccession_Settle_Dispute_With_Supplier_Create_Request_for_Quotation,"NotChainSuccession(Settle Dispute With Supplier, Create Request for Quotation)",notchainsuccession,NotChainSuccession,True,Settle Dispute With Supplier,Create Request for Quotation,0.071,0.071,1.0
notchainsuccession_Settle_Dispute_With_Supplier_Deliver_Goods_Services,"NotChainSuccession(Settle Dispute With Supplier, Deliver Goods Services)",notchainsuccession,NotChainSuccession,True,Settle Dispute With Supplier,Deliver Goods Services,0.057,0.057,1.0
notchainsuccession_Settle_Dispute_With_Supplier_Pay_Invoice,"NotChainSuccession(Settle Dispute With Supplier, Pay Invoice)",notchainsuccession,NotChainSuccession,True,Settle Dispute With Supplier,Pay Invoice,0.057,0.057,1.0
notchainsuccession_Settle_Dispute_With_Supplier_Release_Purchase_Order,"NotChainSuccession(Settle Dispute With Supplier, Release Purchase Order)",notchainsuccession,NotChainSuccession,True,Settle Dispute With Supplier,Release Purchase Order,0.057,0.06,0.952
notchainsuccession_Settle_Dispute_With_Supplier_Release_Suppliers_Invoice,"NotChainSuccession(Settle Dispute With Supplier, Release Suppliers Invoice)'",notchainsuccession,NotChainSuccession,True,Settle Dispute With Supplier,Release Suppliers Invoice,0.056,0.056,1.0
notchainsuccession_Settle_Dispute_With_Supplier_Send_Invoice,"NotChainSuccession(Settle Dispute With Supplier, Send Invoice)",notchainsuccession,NotChainSuccession,True,Settle Dispute With Supplier,Send Invoice,0.057,0.057,1.0
notchainsuccession_Settle_Dispute_With_Supplier_Send_Request_for_Quotation_to_Supplier,"NotChainSuccession(Settle Dispute With Supplier, Send Request for Quotation to Supplier)",notchainsuccession,NotChainSuccession,True,Settle Dispute With Supplier,Send Request for Quotation to Supplier,0.057,0.057,1.0
notchainsuccession_Settle_Dispute_With_Supplier_Settle_Conditions_With_Supplier,"NotChainSuccession(Settle Dispute With Supplier, Settle Conditions With Supplier)",notchainsuccession,NotChainSuccession,True,Settle Dispute With Supplier,Settle Conditions With Supplier,0.057,0.057,1.0
